Name,Year,GroupNum,Status,Birth_Date,Birth_Place,Gender,Alma_Mater,Undergraduate_Major,Graduate_Major,Military_Rank,Military_Branch,Space_Flights,Space_Flight_hr,Space_Walks,Space_Walks_hr,Missions,Death_Date,Death_Mission
Alan B. Shepard Jr.,1959,1,Deceased,18-11-1923,"East Derry, NH",Male,US Naval Academy,Naval Sciences,Naval Science,Rear Admiral,US Navy (Retired),2,216,2,9,"Mercury 3, Apollo 14",21-07-1998,Natural causes
Alan G. Poindexter,1998,17,Deceased,05-11-1961,"Pasadena, CA",Male,Georgia Institute of Technology; US Naval Postgraduate School,Aerospace Engineering,Aeronautical Engineering,Captain,US Navy,2,669,0,0,"STS-122 (Atlantis), STS-131 (Discovery)",01-07-2012,Personal watercraft accident
Alan L. Bean,1963,3,Deceased,15-03-1932,"Wheeler, TX",Male,University of Texas,Aeronautical Engineering,Aeronautical Engineering,Captain,US Navy (Retired),2,1671,3,10,"Apollo 12, Skylab 3",26-05-2018,Natural causes
Albert Sacco Jr.,1963,3,Retired,03-05-1949,"Boston, MA",Male,Northeastern University; MIT,Chemical Engineering,Chemical Engineering,Captain,US Navy (Retired),1,381,0,0,STS-73 (Columbia),,
Alfred M. Worden,1966,5,Retired,07-02-1932,"Jackson, MI",Male,US Military Academy; University of Michigan,Military Science,Aeronautical & Astronautical Engineering,Colonel,US Air Force (Retired),1,295,1,0.5,Apollo 15,,
Alvin B. Drew Jr.,2000,18,Active,05-11-1962,"Washington, DC",Male,US Air Force Academy; Embry-Riddle Aeronautical University,Physics & Astronautical Engineering,Aerospace Science; Political Science,Colonel,US Air Force,2,613,2,13,"STS-118 (Endeavor), STS-133 (Discovery)",,
Andrew J. Feustel,2000,18,Active,25-08-1965,"Lancaster, PA",Male,Purdue University; Queen’s University-Canada,Solid Earth Sciences,Geophysics; Seismology,Colonel,US Air Force,2,687,6,42,"STS-125 (Atlantis), STS-134 (Endeavor)",,
Andrew M. Allen,1987,12,Retired,04-08-1955,"Philadelphia, PA",Male,Villanova University; University of Florida,Mechanical Engineering,Business Administration,Lieutenant Colonel,US Marine Corps (Retired),3,906,0,0,"STS-46 (Atlantis), STS-62 (Columbia), STS-75 (Columbia)",,
Andrew S. W. Thomas,1992,14,Management,18-12-1951,"Adelaide, Australia",Male,University of Adelaide,Mechanical Engineering,Mechanical Engineering,Lieutenant Colonel,US Marine Corps (Retired),4,4257,1,6,"STS-77 (Endeavor), STS-89/91 (Endeavor/Discovery), STS-102 (Discovery), STS-114 (Discovery)",,
Anna L. Fisher,1978,8,Management,24-08-1949,"New York, NY",Female,University of California-Los Angeles,Chemistry,Chemistry; Medicine,Lieutenant Colonel,US Marine Corps (Retired),1,191,0,0,STS 51-A (Discovery),,
Anthony W. England,1967,6,Retired,15-05-1942,"Indianapolis, IN",Male,MIT,Geology,Geology; Geophysics,Lieutenant Colonel,US Marine Corps (Retired),1,190,0,0,STS 51-F (Challenger),,
Barbara R. Morgan,1998,17,Retired,28-11-1951,"Fresno, CA",Female,Stanford University,Human Biology,Geology; Geophysics,Lieutenant Colonel,US Marine Corps (Retired),1,305,0,0,STS-118 (Endeavor),,
Barry E. Wilmore,2000,18,Active,29-12-1962,"Murfreesboro, TN",Male,Tennessee Technological University; University of Tennessee,Electrical Engineering,Electrical Engineering; Aviation Systems,Captain,US Navy,2,4272,4,25,"STS-129 (Atlantis), ISS-41/42 (Soyuz)",,
Bernard A. Harris Jr.,1990,13,Retired,26-06-1956,"Temple, TX",Male,University of Houston; Texas Tech University,Biology,Medicine,Captain,US Navy,2,438,1,5,"STS-55 (Columbia), STS-63 (Discovery)",,
Bill Nelson,1990,13,Retired,29-09-1942,"Miami, FL",Male,Yale University; University of Virginia,Biology,Law,Captain,US Army (Retired),1,146,0,0,STS 61-C (Columbia),,
Bonnie J. Dunbar,1980,9,Retired,03-03-1949,"Sunnyside, WA",Female,University of Washington; University of Houston,Ceramic Engineering,Ceramic Engineering; Biomedical Engineering,Captain,US Army (Retired),5,1207,0,0,"STS 61-A (Challenger), STS-32 (Columbia), STS-50 (Columbia), STS-71 (Atlantis), STS-89 (Endeavor)",,
Brent W. Jett,1992,14,Retired,05-10-1958,"Pontiac, MI",Male,US Naval Academy; US Naval Postgraduate School,Aerospace Engineering,Aeronautical Engineering,Captain,US Navy (Retired),4,1002,0,0,"STS-72 (Endeavor), STS-81 (Atlantis), STS-97 (Endeavor), STS-115 (Atlantis)",,
Brewster H. Shaw Jr.,1978,8,Retired,16-05-1945,"Cass City, MI",Male,University of Wisconsin,Engineering Mechanics,Engineering Mechanics,Colonel,US Air Force (Retired),3,533,0,0,"STS-9 (Columbia), STS 61-B (Atlantis), STS-28 (Columbia)",,
Brian Duffy,1985,11,Retired,20-06-1953,"Boston, MA",Male,US Air Force Academy; University of Southern California,Mathematics,Systems Management,Colonel,US Air Force (Retired),4,977,0,0,"STS-45 (Atlantis), STS-57 (Endeavor), STS-72 (Endeavor), STS-92 (Discovery)",,
Brian T. O'Leary,1967,6,Deceased,27-01-1940,"Boston, MA",Male,Williams College; Georgetown University; University of California-Berkeley,Physics,Astronomy,Colonel,US Air Force (Retired),0,0,0,0,"STS-45 (Atlantis), STS-57 (Endeavor), STS-72 (Endeavor), STS-92 (Discovery)",28-07-2011,Due to cancer
Bruce E. Melnick,1987,12,Retired,05-12-1949,"New York, NY",Male,US Coast Guard Academy; West Florida University,Engineering,Aeronautical Systems,Commander,US Coast Guard (Retired),2,311,0,0,"STS-41 (Discovery), STS-49 (Endeavor)",,
Bruce McCandless II,1966,5,Retired,08-06-1937,"Boston, MA",Male,US Naval Academy; Stanford University; University of Houston-Clear Lake,Engineering,Electrical Engineering; Business Administration,Captain,US Navy (Retired),2,312,2,12,"STS 41-B (Challenger), STS-31 (Discovery)",,
Bryan D. O'Connor,1980,9,Retired,06-09-1946,"Orange, CA",Male,US Naval Academy; West Florida University,Engineering,Aeronautical Systems,Colonel,US Marine Corps (Retired),2,383,0,0,"STS 61-B (Atlantis), STS-40 (Columbia)",,
Buzz Aldrin,1963,3,Retired,20-01-1930,"Montclair, NJ",Male,US Military Academy; MIT,Mechanical Engineering,Astronautics,Colonel,US Air Force (Retired),2,289,2,8,"Gemini 12, Apollo 11",,
Byron K. Lichtenberg,1963,3,Retired,19-02-1948,"Stroudsburg, PA",Male,Brown University; MIT,Aerospace Engineering,Mechanical Engineering; Biomedical Engineering,Colonel,US Air Force (Retired),2,461,0,0,"STS-9 (Columbia), STS-45 (Atlantis)",,
C. Gordon Fullerton,1969,7,Retired,11-10-1936,"Rochester, NY",Male,California Institute of Technology,Mechanical Engineering,Mechanical Engineering,Colonel,US Air Force (Retired),2,382,0,0,"STS-3 (Columbia), STS 51-F (Challenger)",,
C. Michael Foale,1987,12,Active,06-01-1957,"Louth, England",Male,Cambridge University,Physics,Laboratory Astrophysics,Colonel,US Air Force (Retired),6,8970,4,22,"STS-45 (Atlantis), STS-56 (Discovery), STS-63 (Discovery), STS-84/86 (Atlantis), STS-103 (Discovery), ISS-08 (Soyuz)",,
Carl E. Walz,1990,13,Retired,06-09-1955,"Cleveland, OH",Male,Kent State University; John Carroll University,Physics,Solid State Physics,Colonel,US Air Force,4,5533,3,19,"STS-51 (Discovery), STS-65 (Columbia), STS-79 (Atlantis), STS-108/111 (Endeavor)",,
Carl J. Meade,1985,11,Retired,16-11-1950,"Chanute Air Force Base, IL",Male,University of Texas; California Institute of Technology,Electronics Engineering,Electronics Engineering,Colonel,US Air Force (Retired),3,712,1,6,"STS-38 (Atlantis), STS-50 (Columbia), STS-64 (Discovery)",,
Carlos I. Noriega,1995,15,Retired,08-10-1959,"Lima, Peru",Male,University of Southern California; US Naval Postgraduate School,Computer Science,Computer Science; Space Systems Operations,Lieutenant Colonel,US Marine Corps (Retired),2,481,3,19,"STS-84 (Atlantis), STS-97 (Endeavor)",,
Catherine G. Coleman,1992,14,Active,14-12-1960,"Charleston, SC",Female,MIT; University of Massachusetts,Chemistry,Polymer Science & Engineering,Colonel,US Air Force (Retired),3,4324,0,0,"STS-73 (Columbia), STS-93 (Columbia), ISS-26/27 (Soyuz)",,
Charles A. Bassett II,1963,3,Deceased,30-12-1931,"Dayton, OH",Male,Texas Technological College,Electrical Engineering,Polymer Science & Engineering,Captain,US Air Force,0,0,0,0,"STS-73 (Columbia), STS-93 (Columbia), ISS-26/27 (Soyuz)",28-02-1966,T-38 Talon jet aircraft
Charles Conrad Jr.,1962,2,Deceased,02-05-1930,"Philadelphia, PA",Male,Princeton University,Aeronautical Engineering,Polymer Science & Engineering,Captain,US Navy (Retired),4,1179,4,12,"Gemini 5, Gemini 11, Apollo 12, Skylab 2",08-07-1999,Motorcycle accident
Charles D. Gemar,1985,11,Retired,04-08-1955,"Yanktown, SD",Male,US Military Academy,Engineering,Polymer Science & Engineering,Lieutenant Colonel,US Army,3,581,0,0,"STS-38 (Atlantis), STS-48 (Discovery), STS-62 (Columbia)",,
Charles D. Walker,1985,11,Retired,29-08-1948,"Bedford, IN",Male,Purdue University,Aeronautical & Astronautical Engineering,Polymer Science & Engineering,Lieutenant Colonel,US Army,3,477,0,0,"STS 41-D (Discovery), STS 51-D (Discovery), STS 61-B (Atlantis)",,
Charles E. Brady Jr.,1992,14,Deceased,12-08-1951,"Pinehurst, NC",Male,University of North Carolina at Chapel Hill; Duke University,Aeronautical & Astronautical Engineering,Medicine,Captain,US Navy,1,405,0,0,STS-78 (Columbia),23-07-2006,Natural causes
Charles F. Bolden Jr.,1980,9,Management,19-08-1946,"Columbia, SC",Male,US Naval Academy; University of Southern California,Electrical Science,Systems Management,Major General,US Marine Corps (Retired),4,680,0,0,"STS-61C (Columbia), STS-31 (Discovery), STS-45 (Atlantis), STS-60 (Discovery)",,
Charles J. Camarda,1996,16,Management,08-05-1952,"Queens, NY",Male,Polytechnic Institute of Brooklyn; George Washington University; Virginia Polytechnic Institute,Aerospace Engineering,Engineering Science; Aerospace Engineering,Major General,US Marine Corps (Retired),1,333,0,0,STS-114 (Discovery),,
Charles J. Precourt,1990,13,Retired,29-06-1955,"Waltham, MA",Male,US Air Force Academy; Golden Gate University; US Naval War College,Aeronautical Engineering,Engineering Management; Strategic Studies,Colonel,US Air Force (Retired),4,950,0,0,"STS-55 (Columbia), STS-71 (Atlantis), STS-84 (Atlantis), STS-91 (Discovery)",,
Charles Lacy Veach,1984,10,Deceased,18-09-1944,"Chicago, IL",Male,US Air Force Academy,Engineering Management,Engineering Management; Strategic Studies,Colonel,US Air Force (Retired),2,436,0,0,"STS-39 (Discovery), STS-52 (Columbia)",01-07-2012,Due to cancer
Charles M. Duke Jr.,1966,5,Retired,03-10-1935,"Charlotte, NC",Male,US Naval Academy; MIT,Naval Sciences,Aeronautics,Brigadier General,US Air Force (Retired),1,265,3,20,Apollo 16,,
Charles O. Hobaugh,1996,16,Retired,05-11-1961,"Bar Harbor, ME",Male,US Naval Academy,Aerospace Engineering,Aeronautics,Colonel,US Marine Corps (Retired),3,873,0,0,"STS-104 (Atlantis), STS-118 (Endeavor), ST-129 (Atlantis)",,
Christopher J. Cassidy,2004,19,Active,04-01-1970,"Salem, MA",Male,US Naval Academy; MIT,Mathematics,Ocean Engineering,Commander,US Navy,1,4376,6,31,STS-127 (Endeavor); ISS-35/36 (Soyuz),,
Christopher J. Ferguson,1998,17,Retired,01-09-1961,"Philadelphia, PA",Male,Drexel University; US Naval Postgraduate School,Mechanical Engineering,Aeronautical Engineering,Captain,US Navy (Retired),3,970,0,0,"STS-115 (Atlantis), STS-126 (Endeavor), STS-135 (Atlantis)",,
Christopher J. Loria,1996,16,Retired,09-07-1960,"Belmont, MA",Male,US Naval Academy; Harvard University,Engineering,Public Administration,Colonel,US Marine Corps (Retired),0,0,0,0,"STS-115 (Atlantis), STS-126 (Endeavor), STS-135 (Atlantis)",,
Clayton C. Anderson,1998,17,Retired,23-02-1959,"Omaha, NE",Male,Hastings College; Iowa State University,Physics,Aerospace Engineering,Colonel,US Marine Corps (Retired),2,4005,6,38,"STS-117/120 (Atlantis/Discovery), STS-131 (Discovery)",,
Clifton C. Williams Jr.,1963,3,Deceased,26-09-1932,"Mobile, AL",Male,Auburn University,Mechanical Engineering,Aerospace Engineering,Major,US Marine Corps,0,0,0,0,"STS-117/120 (Atlantis/Discovery), STS-131 (Discovery)",05-10-1967,T-38 jet trainer crash
Curtis L. Brown Jr.,1987,12,Retired,11-03-1956,"Elizabethtown, NC",Male,US Air Force Academy,Electrical Engineering,Aerospace Engineering,Colonel,US Air Force (Retired),6,1383,0,0,"STS-47 (Endeavor), STS-66 (Atlantis), STS-77 (Endeavor), STS-85 (Discovery), STS-95 (Discovery), STS-103 (Discovery)",,
Dale A. Gardner,1978,8,Retired,08-11-1948,"Fairmont, MN",Male,University of Illinois,Engineering Physics,Aerospace Engineering,Captain,US Navy (Retired),2,336,2,12,"STS-8 (Challenger), STS 51-A (Discovery)",,
Daniel C. Brandenstein,1978,8,Retired,17-01-1943,"Watertown, WI",Male,University of Wisconsin,Mathematics & Physics,Aerospace Engineering,Captain,US Navy (Retired),4,789,0,0,"STS-8 (Challenger), STS 51-G (Discovery), STS-32 (Columbia), STS-49 (Endeavor)",,
Daniel C. Burbank,1996,16,Active,27-07-1961,"Machester, CT",Male,US Coast Guard Academy; Embry-Riddle Aeronautical University,Electrical Engineering,Aeronautical Science,Captain,US Coast Guard (Retired),3,4512,1,7,"STS-106 (Atlantis), STS-115 (Atlantis), ISS-29/30 (Soyuz)",,
Daniel M. Tani,1996,16,Retired,01-02-1961,"Ridley Park, PA",Male,MIT,Mechanical Engineering,Mechanical Engineering,Captain,US Coast Guard (Retired),2,3162,6,39,"STS-108 (Endeavor), STS-120/122 (Discovery/Atlantis)",,
Daniel T. Barry,1992,14,Retired,30-12-1953,"Norwalk, CT",Male,Cornell University; Princeton University; University of Miami,Electrical Engineering,Electrical Engineering; Computer Science; Medicine,Captain,US Coast Guard (Retired),3,733,4,26,"STS-72 (Endeavor), STS-96 (Discovery), STS-105 (Discovery)",,
Daniel W. Bursch,1990,13,Retired,25-07-1957,"Bristol, PA",Male,US Naval Academy; US Naval Postgraduate School,Physics,Engineering Science,Captain,US Navy (Retired),4,5446,2,12,"STS-51 (Discovery), STS-68 (Endeavor), STS-77 (Endeavor), STS-108/111 (Endeavor)",,
David A. Wolf,1990,13,Retired,23-08-1956,"Indianapolis, IN",Male,Purdue University; Indiana University,Electrical Engineering,Medicine,Captain,US Navy (Retired),3,4044,7,41,"STS-58 (Columbia). STS-86/89 (Atlantis/Endeavor), STS-112 (Atlantis), STS-127 (Endeavor)",,
David C. Hilmers,1980,9,Retired,28-01-1950,"Clinton, IA",Male,Cornell University; US Naval Postgraduate School,Mathematics,Electrical Engineering,Colonel,US Marine Corps (Retired),4,494,0,0,"ST 51-J (Atlantis), STS-26 (Discovery), STS-36 (Atlantis), STS-42 (Discovery)",,
David C. Leestma,1980,9,Management,06-05-1949,"Muskegon, MI",Male,US Naval Academy; US Naval Postgraduate School,Aeronautical Engineering,Aeronautical Engineering,Captain,US Navy (Retired),3,532,1,3,"STS 41-G (Challenger), STS-28 (Columbia), STS-45 (Atlantis)",,
David M. Brown,1996,16,Deceased,16-04-1956,"Arlington, VA",Male,College of William & Mary; Eastern Virginia Medical School,Biology,Medicine,Captain,US Navy,1,382,0,0,STS-107 (Columbia),01-02-2003,STS-107 (Columbia)
David M. Walker,1978,8,Deceased,20-05-1944,"Columbus, GA",Male,US Naval Academy,Naval Sciences,Medicine,Captain,US Navy (Retired),4,724,0,0,"STS 51-A (Discovery), STS-30 (Atlantis), STS-53 (Discovery), STS-69 (Endeavor)",23-04-2001,Plane crash
David R. Scott,1963,3,Retired,06-06-1932,"San Antonio, TX",Male,US Military Academy; MIT,Naval Sciences,Aeronautics & Astronautics,Colonel,US Air Force (Retired),3,546,4,19,"Gemini 8, Apollo 9, Apollo 15",,
Dominic A. Antonelli,2000,18,Active,23-08-1967,"Detroit, MI",Male,MIT; University of Washington,Aeronautics & Astronautics,Aeronautics & Astronautics,Commander,US Navy,2,579,0,0,"STS-119 (Discovery), STS-132 (Atlantis)",,
Dominic L. Gorie,1995,15,Retired,02-05-1957,"Lake Charles, LA",Male,US Naval Academy; University of Tennessee,Ocean Engineering,Aviation Systems,Captain,US Navy (Retired),4,1167,0,0,"STS-91 (Discovery), STS-99 (Endeavor), STS-123 (Endeavor), STS-108 (Endeavor)",,
Don L. Lind,1966,5,Retired,18-05-1930,"Midvale, UT",Male,University of Utah; University of California-Berkley,Physics,Nuclear Physics,Captain,US Navy (Retired),1,168,0,0,STS 51-B (Challenger),,
Donald A. Thomas,1990,13,Retired,06-05-1955,"Cleveland, OH",Male,Case Western Reserve University; Cornell University,Physics,Materials Science,Captain,US Navy (Retired),4,1040,0,0,"STS-65 (Columbia), STS-70 (Discovery), STS-83 (Columbia), STS-94 (Columbia)",,
Donald E. Williams,1978,8,Retired,13-02-1958,"Lafayette, IN",Male,Purdue University,Mechanical Engineering,Materials Science,Captain,US Navy (Retired),2,287,0,0,"STS 51-D (Discovery), STS-34 (Atlantis)",,
Donald H. Peterson,1969,7,Retired,22-10-1933,"Winona, MS",Male,US Military Academy; US Air Force Institute of Technology,Mechanical Engineering,Nuclear Engineering,Colonel,US Air Force (Retired),1,120,1,4,STS-6 (Challenger),,
Donald K. Slayton,1959,1,Deceased,01-03-1924,"Sparta, WI",Male,University of Minnesota,Aeronautical Engineering,Nuclear Engineering,Major,US Air Force Reserves,1,217,0,0,Apollo-Soyuz Test Project,13-06-1993,Natural causes
Donald L. Holmquest,1967,6,Retired,07-04-1939,"Dallas, TX",Male,Southern Methodist University; Baylor University; University of Houston,Electrical Engineering,Physiology; Medicine; Law,Major,US Air Force Reserves,0,0,0,0,Apollo-Soyuz Test Project,,
Donald R. McMonagle,1987,12,Retired,14-05-1952,"Flint, MI",Male,US Air Force Academy; California State University-Fresno,Astronautical Engineering,Mechanical  Engineering,Colonel,US Air Force (Retired),3,605,0,0,"STS-39 (Discovery), STS-54 (Endeavor), STS-66 (Atlantis)",,
Donald R. Pettit,1996,16,Active,20-04-1955,"Silverton, OR",Male,Oregon State University; University of Arizona,Chemical Engineering,Chemical Engineering,Colonel,US Air Force (Retired),3,8872,2,13,"ISS-6 (Soyuz), STS-126 (Endeavor), ISS-30/31 (Soyuz)",,
Donn F. Eisele,1963,3,Deceased,23-05-1930,"Columbus, OH",Male,US Naval Academy; US Air Force Institute of Technology,Astronautics,Astronautics,Colonel,US Air Force (Retired),1,260,0,0,Apollo 7,02-12-1987,Natural causes
Dorothy M. Metcalf-Lindenberger,2004,19,Active,02-05-1975,"Colorado Springs, CO",Female,Whitman College,Geology,Astronautics,Colonel,US Air Force (Retired),1,362,0,0,STS-131 (Discovery),,
Douglas G. Hurley,2000,18,Active,21-10-1966,"Endicott, NY",Male,Tulane University,Civil Engineering,Astronautics,Colonel,US Marine Corps,2,683,0,0,"STS-127 (Endeavor), STS-135 (Atlantis)",,
Douglas H. Wheelock,1998,17,Active,05-05-1960,"Binghamton, NY",Male,US Military Academy; Georgia Institute of Technology,Applied Science & Engineering,Aerospace Engineering,Colonel,US Army,2,4281,6,43,"STS-120 (Discovery), ISS-24/25 (Soyuz)",,
Duane E. Graveline,1965,4,Retired,02-03-1931,"Newport, VT",Male,University of Vermont; Johns Hopkins University,Applied Science & Engineering,Public Health; Medicine,Colonel,US Army,0,0,0,0,"STS-120 (Discovery), ISS-24/25 (Soyuz)",,
Duane G. Carey,1996,16,Retired,30-04-1957,"St. Paul, MN",Male,University of Minnesota-Minneapolis,Aerospace Engineering & Mechanics,Aerospace Engineering,Lieutenant Colonel,US Air Force (Retired),1,262,0,0,STS-109 (Columbia),,
E. Michael Fincke,1996,16,Active,14-03-1967,"Pittsburgh, PA",Male,MIT; Stanford University; University of Houston-Clear Lake,"Aeronautics & Astronautics; Earth, Atmospheric & Planetary Sciences",Aeronautics & Astronautics; Physical Sciences,Colonel,US Air Force,3,9159,9,48,"ISS-09 (Soyuz), ISS-18 (Soyuz), STS-134 (Endeavor)",,
Edgar D. Mitchell,1966,5,Retired,17-09-1930,"Hereford, TX",Male,Carnegie-Mellon University; US Naval Postgraduate School; MIT,Industrial Management,Aeronautical Engineering; Aeronautics & Astronautics,Captain,US Navy (Retired),1,216,2,9,Apollo 14,,
Edward G. Gibson,1965,4,Retired,08-11-1936,"Buffalo, NY",Male,University of Rochester; California Institute of Technology,Engineering,Engineering,Captain,US Navy (Retired),1,2017,3,15,Skylab 4,,
Edward G. Givens Jr.,1966,5,Deceased,05-01-1930,"Quanah, TX",Male,US Naval Academy,Naval Sciences,Engineering,Major,US Air Force,0,0,0,0,Skylab 4,06-06-1967,Automobile accident 
Edward H. White II,1962,2,Deceased,14-11-1930,"San Antonio, TX",Male,US Military Academy; University of Michigan,Naval Sciences,Aeronautical Engineering,Lieutenant Colonel,US Air Force,2,97,1,0.5,"Gemini 4, Apollo 1",27-01-1967,Apollo 1
Edward T. Lu,1995,15,Retired,01-07-1963,"Springfield, MA",Male,Cornell University; Stanford University,Electrical Engineering,Applied Physics,Lieutenant Colonel,US Air Force,3,4962,1,6,"STS-84 (Atlantis), STS-106 (Atlantis), ISS-07 (Soyuz)",,
Eileen M. Collins,1990,13,Retired,19-11-1959,"Elmira, NY",Female,Syracuse University; Stanford University; Webster University,Mathematics & Economics,Operations Research; Space Systems Management,Colonel,US Air Force (Retired),4,890,0,0,"STS-63 (Discovery), STS-84 (Atlantis), STS-114 (Columbia), STS-93 (Discovery)",,
Ellen Ochoa,1990,13,Management,10-05-1958,"Los Angeles, CA",Female,San Diego State University; Stanford University,Physics,Electrical Engineering,Colonel,US Air Force (Retired),4,979,0,0,"STS-56 (Discovery), STS-66 (Atlantis), STS-96 (Discovery), STS-110 (Atlantis)",,
Ellen S. Baker,1984,10,Retired,27-04-1953,"Fayettesville, NC",Female,State University of New York-Buffalo; Cornell University; University of Texas,Geology,Medicine; Public Health,Colonel,US Air Force (Retired),3,686,0,0,"STS-34 (Atlantis), STS-50 (Columbia), STS-71 (Atlantis)",,
Elliot M. See Jr.,1962,2,Deceased,23-07-1927,"Dallas, TX",Male,US Merchant Marine Academy; University of California-Los Angeles,Geology,Engineering,Colonel,US Air Force (Retired),0,0,0,0,"STS-34 (Atlantis), STS-50 (Columbia), STS-71 (Atlantis)",28-02-1966,T-38 jet aircraft
Ellison S. Onizuka,1978,8,Deceased,24-06-1946,"Kealakekua, HI",Male,University of Colorado,Aerospace Engineering,Aerospace Engineering,Lieutenant Colonel,US Air Force,2,73,0,0,"STS 51-C (Discovery), STS 51-L (Challenger)",28-01-1986,STS 51-L (Challenger)
Eric A. Boe,2000,18,Active,01-10-1964,"Miami, FL",Male,US Air Force Academy; Georgia Institute of Technology,Aeronautical Engineering,Electrical Engineering,Colonel,US Air Force,2,687,0,0,"STS-126 (Endeavor), STS-133 (Discovery)",,
Eugene A. Cernan,1963,3,Deceased,14-03-1934,"Chicago, IL",Male,Purdue University; US Naval Postgraduate School,Electrical Engineering,Aeronautical Engineering,Captain,US Navy (Retired),3,566,4,24,"Gemini 9, Apollo 10, Apollo 17",16-01-2017,Natural causes
F. Andrew Gaffney,1963,3,Retired,09-06-1946,"Carlsbad, NM",Male,University of California-Berkeley; University of New Mexico,Psychology,Medicine,Captain,US Navy (Retired),1,218,0,0,STS-40 (Columbia),,
F. Curtis Michel,1965,4,Retired,05-06-1934,"LaCrosse, WI",Male,California Institute of Technology,Physics,Physics,Captain,US Navy (Retired),0,0,0,0,STS-40 (Columbia),,
Fernando Caldeiro,1996,16,Deceased,12-06-1958,"Buenos Aires, Argentina",Male,University of Arizona; University of Central Florida,Mechanical Engineering,Engineering Management,Captain,US Navy (Retired),0,0,0,0,STS-40 (Columbia),03-10-2009,
Francis R. Scobee,1978,8,Deceased,19-05-1939,"Cle Elum, WA",Male,University of Arizona,Aerospace Engineering,Engineering Management,Major,US Air Force (Retired),2,167,0,0,"STS 41-C (Challenger), STS 51-L (Challenger)",28-01-1986,STS 51-L (Challenger)
Frank Borman,1962,2,Retired,14-03-1928,"Gary, IN",Male,US Military Academy; California Institute of Technology,Aerospace Engineering,Aeronautical Engineering,Colonel,US Air Force (Retired),2,477,0,0,"Gemini 7, Apollo 8",,
Frank L. Culbertson Jr.,1984,10,Retired,15-05-1949,"Charleston, SC",Male,US Naval Academy,Aerospace Engineering,Aeronautical Engineering,Captain,US Navy (Retired),3,3446,1,5,"STS-38 (Atlantis), STS-51 (Discovery), STS-105/108 (Discovery/Endeavor)",,
Franklin R. Chang-Diaz,1980,9,Retired,05-04-1950,"San Jose, Costa Rica",Male,University of Connecticut; MIT,Mechanical Engineering,Applied Plasma Physics,Captain,US Navy (Retired),7,1602,3,19,"STS 61-C (Columbia), STS-34 (Atlantis), STS-46 (Atlantis), STS-60 (Discovery), STS-75 (Columbia), STS-91 (Discovery), STS-111 (Endeavor)",,
Fred W. Haise Jr.,1966,5,Retired,14-11-1933,"Biloxi, MS",Male,University of Oklahoma,Aeronautical Engineering,Applied Plasma Physics,Captain,US Navy (Retired),1,142,0,0,Apollo 13,,
Fred W. Leslie,1966,5,Retired,19-12-1951,"Ancon, Panama",Male,University of Texas; University of Oklahoma,Engineering Science,Meteorology,Captain,US Navy (Retired),1,381,0,0,STS-73 (Columbia),,
Frederick D. Gregory,1978,8,Retired,07-01-1941,"Washington, DC",Male,US Air Force Academy; George Washington University,Engineering Science,Information Systems,Colonel,US Air Force (Retired),3,455,0,0,"STS 51-B (Challenger), STS-33 (Discovery), STS-44 (Atlantis)",,
Frederick H. Hauck,1978,8,Retired,11-04-1941,"Long Beach, CA",Male,Tufts University; MIT,Physics,Nuclear Engineering,Captain,US Navy (Retired),3,435,0,0,"STS-7 (Challenger), STS 51-A (Discovery), STS-26 (Discovery)",,
Frederick W. Sturckow,1995,15,Retired,11-08-1961,"La Mesa, CA",Male,California Polytechnic State University,Mechanical Engineering,Nuclear Engineering,Colonel,US Marine Corps (Retired),4,1233,0,0,"STS-88 (Endeavor), STS-105 (Discovery), STS-117 (Atlantis), STS-128 (Discovery)",,
G. David Low,1984,10,Deceased,19-02-1956,"Cleveland, OH",Male,Washington & Lee University; Cornell University; Stanford University,Physics & Engineering,Mechanical Engineering; Aeronautics & Astronautics,Colonel,US Marine Corps (Retired),3,714,1,6,"STS-32 (Columbia), STS-43 (Atlantis), STS-57 (Endeavor)",15-03-2008,Natural causes
G. Reid Wiseman,2009,20,Active,11-11-1975,"Baltimore, MD",Male,Rensselaer Polytechnic Institute; Johns Hopkins University,Computer & Systems Engineering,Systems Engineering,Commander,US Navy,1,3968,2,13,ISS-40/41 (Soyuz),,
Garrett E. Reisman,1998,17,Retired,10-02-1968,"Morristown, NJ",Male,University of Pennsylvania; California Institute of Technology,Economics,Mechanical  Engineering,Commander,US Navy,2,2571,3,21,"STS-123/124 (Endeavor/Discovery), STS-132 (Atlantis)",,
Gary E. Payton,1998,17,Retired,20-06-1948,"Rock Island, IL",Male,US Air Force Academy; Purdue University,Astronautical Engineering,Astronautical & Aeronautical Engineering,Major,US Air Force,1,73,0,0,STS 51-C (Discovery),,
George D. Nelson,1978,8,Retired,13-07-1950,"Charles City, IA",Male,Harvey Mudd College; University of Washington,Physics,Astronomy,Major,US Air Force,3,411,2,10,"STS 41-C (Challenger), STS 61-C (Columbia), STS-26 (Discovery)",,
George D. Zamka,1998,17,Retired,29-06-1962,"Jersey City, NJ",Male,US Naval Academy; Florida Institute of Technology,Mathematics,Engineering Management,Colonel,US Marine Corps (Retired),2,692,0,0,"STS-120 (Discovery), STS-130 (Endeavor)",,
Gerald P. Carr,1966,5,Retired,22-08-1932,"Denver, CO",Male,University of Southern California; US Naval Postgraduate School; Princeton University,Mechanical Engineering,Aeronautical Engineering,Colonel,US Marine Corps (Retired),1,2017,3,16,Skylab 4,,
Gregory B. Jarvis,1966,5,Deceased,24-08-1944,"Detroit, MI",Male,State University of New York at Buffalo; Northeastern University,Electrical Engineering,Electrical Engineering,Colonel,US Marine Corps (Retired),1,0,0,0,STS 51-L (Challenger),28-01-1986,STS 51-L (Challenger)
Gregory C. Johnson,1998,17,Management,30-07-1954,"Seattle, WA",Male,University of Washington,Aerospace Engineering,Electrical Engineering,Captain,US Navy (Retired),1,309,0,0,STS-125 (Atlantis),,
Gregory E. Chamitoff,1998,17,Active,06-08-1962,"Montreal, Canada",Male,California Polytechnic State University; California Institute of Technology; MIT,Electrical Engineering,Aeronautical Engineering; Aeronautics & Astronautics,Captain,US Navy (Retired),2,4770,2,13,"STS-124/126 (Discovery/Endeavor), STS-134 (Endeavor)",,
Gregory H. Johnson,1998,17,Active,12-05-1962,"London, England",Male,US Air Force Academy; Columbia University; University of Texas,Aeronautical Engineering,Flight Structures Engineering; Business Administration,Colonel,US Air Force (Retired),2,755,0,0,"STS-123 (Endeavor), STS-134 (Endeavor)",,
Gregory J. Harbaugh,1987,12,Retired,15-04-1956,"Cleveland, OH",Male,Purdue University; University of Houston-Clear Lake,Aeronautical & Astronautical Engineering,Physical Science,Colonel,US Air Force (Retired),4,817,3,18,"STS-39 (Discovery), STS-54 (Endeavor), STS-71 (Atlantis), STS-82 (Discovery)",,
Gregory T. Linteris,1987,12,Retired,04-10-1957,"Demarest, NJ",Male,Princeton University; Stanford University,Chemical Engineering,Mechanical Engineering; Mechanical & Aerospace Engineering,Colonel,US Air Force (Retired),2,471,0,0,"STS-83 (Columbia), STS-94 (Columbia)",,
Guion S. Bluford Jr.,1978,8,Retired,22-11-1942,"Philadelphia, PA",Male,Pennsylvania State University; Air Force Institute of Technology; University of Houston-Clear Lake,Aerospace Engineering,Aerospace Engineering; Business Administration,Colonel,US Air Force (Retired),4,689,0,0,"STS-8 (Challenger), STS 61-A (Challenger), STS-39 (Discovery), STS-53 (Discovery)",,
Guy S. Gardner,1980,9,Retired,06-01-1948,"Alta Vista, VA",Male,US Air Force Academy; Purdue University,Engineering Sciences; Astronautics & Mathematics,Astronautics,Colonel,US Air Force (Retired),2,320,0,0,"STS-27 (Atlantis), STS-35 (Columbia)",,
Harrison H. Schmitt,1965,4,Retired,03-07-1935,"Santa Rita, NM",Male,California Institute of Technology; Harvard University,Geology,Geology,Colonel,US Air Force (Retired),1,301,3,22,Apollo 17,,
Heidemarie M. Stefanyshyn-Piper,1996,16,Retired,07-02-1963,"St. Paul, MN",Female,MIT,Mechanical Engineering,Geology,Captain,US Navy,2,663,2,33,"STS-115 (Atlantis), STS-126 (Endeavor)",,
Henry W. Hartsfield Jr.,1969,7,Retired,21-11-1933,"Birmingham, AL",Male,Auburn University; University of Tennessee,Physics,Engineering Science,Colonel,US Air Force (Retired),3,482,0,0,"STS-4 (Columbia), STS 41-D (Discovery), STS 61-A (Challenger)",,
J. Mike Lounge,1980,9,Deceased,28-06-1946,"Denver, CO",Male,US Naval Academy; University of Colorado,Mathematics & Physics,Astrogeophysics,Colonel,US Air Force (Retired),3,483,0,0,"STS 51-I (Discovery), STS-26 (Discovery), STS-35 (Columbia)",01-03-2011,
Jack D. Fischer,2009,20,Active,23-01-1974,"Louisville, CO",Male,US Air Force Academy; MIT,Astronautical Engineering,Aeronautics & Astronautics,Colonel,US Air Force (Retired),0,0,0,0,"STS 51-I (Discovery), STS-26 (Discovery), STS-35 (Columbia)",,
Jack R. Lousma,1966,5,Retired,29-02-1936,"Grand Rapids, MI",Male,University of Michigan; US Naval Postgraduate School,Aeronautical Engineering,Aeronautical Engineering,Colonel,US Marine Corps (Retired),2,1619,2,11,"Skylab 3, STS-3 (Columbia)",,
Jake Garn,1966,5,Retired,12-10-1932,Richfield. UT,Male,University of Utah,Business Finance,Aeronautical Engineering,Colonel,US Marine Corps (Retired),1,167,0,0,STS 51-D (Discovery),,
James A. Lovell Jr.,1962,2,Retired,25-03-1928,"Cleveland, OH",Male,US Naval Academy,Business Finance,Aeronautical Engineering,Captain,US Navy (Retired),4,715,0,0,"Gemini 7, Gemini 12, Apollo 8, Apollo 13",,
James A. McDivitt,1984,2,Retired,10-06-1929,"Chicago, IL",Male,University of Michigan,Astronautical Engineering,Aeronautical Engineering,Brigadier General,US Air Force (Retired),2,338,0,0,"Gemini 4, Apollo 9",,
James A. Pawelczyk,1984,2,Retired,20-09-1960,"Buffalo, NY",Male,University of Rochester; Pennsylvania State University; University of North Texas,Biology & Psychology,Physiology; Biology,Brigadier General,US Air Force (Retired),1,381,0,0,STS-90 (Columbia),,
James B. Irwin,1966,5,Deceased,17-03-1930,"Pittsburgh, PA",Male,US Naval Academy; University of Michigan,Naval Sciences,Aeronautical Engineering,Colonel,US Air Force (Retired),1,295,3,20,Apollo 15,08-08-1991,Natural causes
James C. Adamson,1984,10,Retired,03-03-1946,"Warsaw, NY",Male,US Military Academy; Princeton University,Engineering,Aerospace Engineering,Colonel,US Army (Retired),2,334,0,0,"STS-28 (Columbia), STS-43 (Atlantis)",,
James D. Halsell Jr.,1990,13,Retired,29-09-1956,"Monroe, LA",Male,US Air Force Academy; Troy State University; US Air Force Institute of Technology,Engineering,Business Management; Space Operations,Colonel,US Air Force (Retired),5,1258,0,0,"STS-65 (Columbia), STS-74 (Atlantis), STS-83 (Columbia), STS-94 (Columbia), STS-101 (Atlantis)",,
James D. van Hoften,1978,8,Retired,11-06-1944,"Fresno, CA",Male,University of California-Berkeley; Colorado State University,Civil Engineering,Hydraulic Engineering; Fluid Mechanics,Colonel,US Air Force (Retired),2,338,4,22,"STS 41-C (Challenger), STS 51-I (Discovery)",,
James D. Wetherbee,1984,10,Retired,27-11-1952,"Flushing, NY",Male,University of Notre Dame,Aerospace Engineering,Hydraulic Engineering; Fluid Mechanics,Captain,US Navy (Retired),6,1594,0,0,"STS-32 (Columbia), STS-52 (Columbia), STS-63 (Discovery), STS-86 (Atlantis), STS-102 (Discovery), STS-113 (Endeavor)",,
James F. Buchli,1978,8,Retired,20-06-1945,"New Rockford, ND",Male,US Naval Academy; University of West Florida,Aeronautical Engineering,Aeronautical Engineering Systems,Colonel,US Marine Corps (Retired),4,490,0,0,"STS 51-C (Discovery), STS 61-A (Challenger), STS-29 (Discovery), STS-48 (Discovery",,
James F. Reilly II,1995,15,Retired,18-03-1954,"Mountain Home Air Force Base, ID",Male,University of Texas-Dallas,Geosciences,Geosciences,Colonel,US Marine Corps (Retired),3,854,5,31,"STS-89 (Endeavor), STS-104 (Atlantis), STS-117 (Atlantis)",,
James H. Newman,1990,13,Retired,16-10-1956,"San Diego, CA",Male,Dartmouth College; Rice University,Physics,Physics,Colonel,US Marine Corps (Retired),4,1042,6,43,"STS-51 (Discovery), STS-69 (Endeavor), STS-88 (Endeavor), STS- 109 (Columbia)",,
James M. Kelly,1996,16,Management,14-05-1964,"Burlington, IA",Male,US Air Force Academy; University of Alabama,Astronautical Engineering,Aerospace Engineering,Colonel,US Air Force (Retired),2,641,0,0,"STS-102 (Discovery), STS-114 (Discovery)",,
James P. Bagian,1980,9,Retired,22-02-1952,"Philadelphia, PA",Male,Drexel University; Thomas Jefferson University,Mechanical Engineering,Medicine,Colonel,US Air Force (Retired),2,337,0,0,"STS-29 (Discovery), STS-40 (Columbia)",,
James P. Dutton Jr.,2004,19,Management,20-11-1968,"Eugene, OR",Male,US Air Force Academy; University of Washington,Astronautical Engineering,Aeronautics & Astronautics,Colonel,US Air Force,1,362,0,0,STS-131 (Discovery),,
James S. Voss,1987,12,Retired,03-03-1949,"Cordova, AL",Male,Auburn University; University of Colorado,Aerospace Engineering,Aerospace Engineering Sciences,Colonel,US Army (Retired),5,4853,4,22,"STS-44 (Atlantis), STS-53 (Discovery), STS-69 (Endeavor), STS-101 (Atlantis), STS-102/105 (Discovery)",,
Janet L. Kavandi,1995,15,Management,17-07-1959,"Springfield, MO",Female,Missouri Southern State College; University of Missouri; University of Washington,Chemistry,Chemistry,Colonel,US Army (Retired),3,812,0,0,"STS-91 (Discovery), STS-99 (Endeavor), STS-104 (Atlantis)",,
Janice E. Voss,1990,13,Deceased,08-10-1956,"South Bend, IN",Female,Purdue University; MIT,Engineering Science,Electrical Engineering; Aeronautics & Astronautics,Colonel,US Army (Retired),5,1179,0,0,"STS-57 (Endeavor), STS-63 (Discovery), STS-83 (Columbia), STS-94 (Columbia), STS-99 (Endeavor)",06-02-2012,Natural causes
Jay Clark Buckey,1990,13,Retired,06-06-1956,"New York, NY",Male,Cornell University,Electrical Engineering,Medicine,Colonel,US Army (Retired),1,381,0,0,STS-90 (Columbia),,
Jeanette J. Epps,2009,20,Active,03-11-1970,"Syracuse, NY",Female,LeMoyne College; University of Maryland,Physics,Aerospace Engineering,Colonel,US Army (Retired),0,0,0,0,STS-90 (Columbia),,
Jeffrey A. Hoffman,1978,8,Retired,02-11-1944,"Brooklyn, NY",Male,Amherst College; Rice University; Harvard University,Astronomy,Materials Science; Astrophysics,Colonel,US Army (Retired),5,1211,4,25,"STS 51-D (Discovery), STS-35 (Columbia), STS-46 (Atlantis), STS-61 (Endeavor), STS-75 (Columbia)",,
Jeffrey N. Williams,1996,16,Active,18-01-1958,"Superior, WI",Male,US Military Academy; US Naval Postgraduate School; US Naval War College,Applied Science & Engineering,Aeronautical Engineering; National Security & Strategic Studies,Colonel,US Army (Retired),4,12818,5,32,"STS-101 (Atlantis), ISS-13 (Soyuz), ISS-21/22 (Soyuz), ISS-47/48 (Soyuz)",,
Jeffrey S. Ashby,1995,15,Retired,01-06-1954,"Dallas, TX",Male,University of Idaho; University of Tennessee,Mechanical Engineering,Aviation Systems,Captain,US Navy (Retired),3,655,0,0,"STS-93 (Columbia), STS-100 (Endeavor), STS-112 (Atlantis)",,
Jerome Apt III,1985,11,Retired,18-04-1949,"Springfield, MA",Male,Harvard University; MIT,Physics,Physics,Captain,US Navy (Retired),4,847,2,11,"STS-37 (Atlantis), STS-47 (Endeavor), STS-59 (Endeavor), STS-79 (Atlantis)",,
Jerry L. Ross,1980,9,Retired,20-01-1948,"Crown Point, IN",Male,Purdue University,Mechanical Engineering,Mechanical Engineering,Colonel,US Air Force (Retired),7,1393,9,58,"ST 61-B (Atlantis), ST-27 (Atlantis), ST-37 (Atlantis), STS-55 (Columbia), STS-74 (Atlantis), STS-88 (Endeavor), STS-110 (Atlantis)",,
Jerry M. Linenger,1992,14,Retired,16-01-1955,"Mount Clemens, MI",Male,US Naval Academy; University of Southern California; University of North Carolina; Wayne State University,Bioscience,Systems Management; Public Health; Medicine; Epidemiology,Captain,US Navy (Retired),2,3435,1,5,"STS-64 (Discovery), STS-81/84 (Atlantis)",,
Joan E. Higginbotham,1996,16,Retired,03-08-1964,"Chicago, IL",Female,Southern Illinois University-Carbondale; Florida Institute of Technology,Electrical Engineering,Business Management; Space Systems,Captain,US Navy (Retired),1,308,0,0,STS-116 (Discovery),,
Joe F. Edwards Jr.,1995,15,Retired,03-02-1958,"Richmond, VA",Male,US Naval Academy; University of Tennessee-Knoxville,Aerospace Engineering,Aviation Systems,Commander,US Navy (Retired),1,211,0,0,STS-89 (Endeavor),,
Joe H. Engle,1966,5,Retired,26-08-1932,"Dickinson, KS",Male,University of Kansas,Aeronautical Engineering,Aviation Systems,Major General,US Air Force (Retired),2,224,0,0,"STS-2 (Columbia), STS 51-I (Discovery)",,
John A. Llewellyn,1967,6,Retired,22-04-1933,"Cardiff, Wales",Male,University College at Cardiff,Chemistry,Chemistry,Major General,US Air Force (Retired),0,0,0,0,"STS-2 (Columbia), STS 51-I (Discovery)",,
John B. Herrington,1996,16,Retired,14-09-1958,"Wetumka, OK",Male,University of Colorado; US Naval Postgraduate School,Applied Mathematics,Aeronautical Engineering,Commander,US Navy (Retired),1,330,3,20,STS-113 (Endeavor),,
John D. Olivas,1998,17,Retired,25-05-1966,"North Hollywood, CA",Male,University of Texas-El Paso; University of Houston; Rice University,Mechanical Engineering,Mechanical  Engineering; Mechanical  Engineering & Materials Science,Commander,US Navy (Retired),2,665,5,34,"STS-117 (Atlantis), STS-128 (Discovery)",,
John E. Blaha,1980,9,Retired,26-08-1942,"San Antonio, TX",Male,US Air Force Academy; Purdue University,Engineering Science,Astronautical Engineering,Colonel,US Air Force (Retired),5,3861,0,0,"STS-29 (Discovery), STS-33 (Discovery), STS-43 (Atlantis), STS-58 (Columbia), STS-79/81 (Atlantis/Atlantis)",,
John H. Casper,1984,10,Management,09-07-1943,"Greenville, SC",Male,US Air Force Academy; Purdue University,Engineering Science,Astronautics,Colonel,US Air Force (Retired),4,825,0,0,"STS-36 (Atlantis), STS-54 (Endeavor), STS-62 (Columbia), STS-77 (Endeavor)",,
John H. Glenn Jr.,1959,1,Deceased,18-07-1921,"Cambridge, OH",Male,Muskingum College,Engineering,Astronautics,Colonel,US Marine Corps (Retired),2,218,0,0,"Mercury 6, STS-95 (Discovery)",08-12-2016,Complications from surgery
John L. Phillips,1996,16,Retired,15-04-1951,"Ft. Belvoir, VA",Male,US Naval Academy; University of West Florida; University of California-Los Angeles,Mathematics; Russian,Aeronautical Systems; Geophysics & Space Physics,Captain,US Naval Reserves (Retired),3,4880,1,5,"STS-100 (Endeavor), ISS-11 (Soyuz), STS-119 (Discovery)",,
John L. Swigert Jr.,1966,5,Deceased,30-08-1931,"Denver, CO",Male,University of Colorado; Rensselaer Polytechnic Institute; University of Hartford,Mechanical Engineering,Aerospace Science; Business Administration,Captain,US Naval Reserves (Retired),1,142,0,0,Apollo 13,27-12-1982,Natural causes
John M. Fabian,1978,8,Retired,28-01-1939,"Goosecreek, TX",Male,Washington State University; US Air Force Institute of Technology; University of Washington,Mechanical Engineering,Aerospace Engineering; Aeronautics & Astronautics,Colonel,US Air Force (Retired),2,316,0,0,"STS-7 (Challenger), STS 51-G (Discovery)",,
John M. Grunsfeld,1992,14,Management,10-10-1958,"Chicago, IL",Male,MIT; University of Chicago,Physics,Physics,Colonel,US Air Force (Retired),5,1407,8,58,"STS-67 (Endeavor), STS-81 (Atlantis), STS-103 (Discovery), STS-125 (Atlantis), STS-109 (Columbia)",,
John O. Creighton,1978,8,Retired,28-04-1943,"Orange, TX",Male,US Naval Academy; George Washington University,Physics,Science & Technology Administration,Captain,US Navy (Retired),3,404,0,0,"STS 51-G (Discovery), STS-36 (Atlantis), STS-48 (Discovery)",,
John S. Bull,1966,5,Deceased,25-09-1934,"Memphis, TN",Male,Rice University; Stanford University,Mechanical Engineering,Aeronautical Engineering,Captain,US Navy (Retired),0,0,0,0,"STS 51-G (Discovery), STS-36 (Atlantis), STS-48 (Discovery)",11-08-2008,
John W. Young,1962,2,Retired,24-09-1930,"San Francisco, CA",Male,Georgia Institute of Technology,Aeronautical Engineering,Aeronautical Engineering,Captain,US Navy (Retired),6,835,3,20,"Gemini 3, Gemini 10, Apollo 10, Apollo 16, STS-1 (Columbia), STS-9 (Columbia)",,
John-David F. Bartoe,1962,2,Retired,17-11-1944,"Abington, PA",Male,Lehigh University; Georgetown University,Physics,Physics,Captain,US Navy (Retired),1,190,0,0,STS 51-F (Challenger),,
Jon A. McBride,1978,8,Retired,14-08-1943,"Charleston, WV",Male,US Naval Postgraduate School,Aeronautical Engineering,Physics,Captain,US Navy (Retired),1,197,0,0,STS 41-G (Challenger),,
Jose M. Hernandez,2004,19,Retired,07-08-1962,"French Camp, CA",Male,University of the Pacific; University of California-Santa Barbara,Electrical Engineering,Electrical & Computer Engineering,Captain,US Navy (Retired),1,332,0,0,STS-128 (Discovery),,
Joseph M. Acaba,2004,19,Active,17-05-1967,"Inglewood, CA",Male,University of California-Santa Barbara; University of Arizona,Geology,Geology,Captain,US Navy (Retired),2,3307,2,13,"STS-119 (Discovery), ISS-31/32 (Soyuz)",,
Joseph P. Allen,1967,6,Retired,27-06-1937,"Crawsfordsville, IN",Male,DePauw University; Yale University,Mathematics & Physics,Physics,Captain,US Navy (Retired),2,313,2,12,"ST-5 (Columbia), STS 51-A (Discovery)",,
Joseph P. Kerwin,1965,4,Retired,19-02-1932,"Oak Park, IL",Male,College of the Holy Cross; Northwestern University,Philosophy,Medicine,Captain,US Navy (Retired),1,672,1,3,Skylab 2,,
Joseph R. Tanner,1992,14,Retired,21-01-1950,"Danville, IL",Male,University of Illinois,Mechanical Engineering,Medicine,Captain,US Navy (Retired),4,1045,7,46,"STS-66 (Atlantis), STS-82 (Discovery), STS-97 (Endeavor), STS-115 (Discovery)",,
Judith A. Resnik,1978,8,Deceased,05-04-1949,"Akron, OH",Female,Carnegie-Mellon University; University of Maryland,Electrical Engineering,Electrical Engineering,Captain,US Navy (Retired),2,144,0,0,"STS 41-D (Discovery), STS 51-L (Challenger)",28-01-1986,STS 51-L (Challenger)
K. Megan McArthur,2000,18,Active,30-08-1971,"Honolulu, HI",Female,University of California-Los Angeles; University of California-San Diego,Aerospace Engineering,Oceanography,Captain,US Navy (Retired),1,309,0,0,STS-125 (Atlantis),,
Kalpana Chawla,1995,15,Deceased,01-06-1961,"Karnal, India",Female,Punjab Engineering College; University of Texas-Arlington; University of Colorado,Aeronautical Engineering,Aerospace Engineering,Captain,US Navy (Retired),2,734,0,0,"STS-87 (Columbia), STS-107 (Columbia)",01-02-2003,STS-107 (Columbia)
Karen L. Nyberg,2000,18,Active,07-10-1969,"Parker’s Prairie, MN",Female,University of North Dakota; University of Texas,Mechanical Engineering,Mechanical Engineering,Captain,US Navy (Retired),2,4320,0,0,"STS-124 (Discovery), ISS-36/37 (Soyuz)",,
Karl G. Henize,1967,6,Deceased,17-10-1926,"Cincinnati, OH",Male,University of Virginia; University of Michigan,Mathematics,Astronomy,Captain,US Navy (Retired),1,190,0,0,STS 51-F (Challenger),05-10-1993,Natural causes
Karol J. Bobko,1969,7,Retired,23-12-1937,"New York, NY",Male,US Air Force Academy; University of Southern California,Mathematics,Aerospace Engineering,Colonel,US Air Force (Retired),3,386,0,0,"STS-6 (Challenger), STS 51-D (Discovery), STS-51-J (Atlantis)",,
Kathleen Rubins,2009,20,Active,14-10-1978,"Farmington, CT",Female,University of California-San Diego; Stanford University,Molecular Biology,Cancer Biology,Colonel,US Air Force (Retired),1,2762,2,13,ISS-48/49 (Soyuz),,
Kathryn C. Thornton,1984,10,Retired,17-08-1952,"Montgomery, AL",Female,Auburn University; University of Virginia,Physics,Physics,Colonel,US Air Force (Retired),4,975,3,21,"STS-33 (Discovery), STS-49 (Endeavor), STS-61 (Endeavor), STS-73 (Columbia)",,
Kathryn D. Sullivan,1978,8,Retired,03-10-1951,"Patterson, NJ",Female,University of California-Santa Cruz; Dalhousie University,Earth Sciences,Earth Sciences; Geology,Colonel,US Air Force (Retired),3,532,1,3,"STS 41-G (Challenger), STS-31 (Discovery), STS-45 (Atlantis)",,
Kathryn P. Hire,1995,15,Management,26-08-1959,"Mobile, AL",Female,US Naval Academy; Florida State Institute of Technology,Engineering Management,Space Technology,Captain,US Naval Reserves,2,711,0,0,"STS-90 (Columbia), STS-130 (Endeavor)",,
Kenneth D. Bowersox,1987,12,Retired,14-11-1956,"Portsmouth, VA",Male,US Naval Academy; Columbia University,Aerospace Engineering,Mechanical Engineering,Captain,US Navy (Retired),5,5078,2,13,"STS-50 (Columbia), STS-61 (Endeavor), STS-73 (Columbia), STS-82 (Discovery), STS-113 (Endeavor/Soyuz)",,
Kenneth D. Cameron,1984,10,Retired,29-11-1949,"Cleveland, OH",Male,MIT; Michigan State University,Aeronautics & Astronautics,Aeronautics & Astronautics; Business Administration,Colonel,US Marine Corps (Retired),3,562,0,0,"STS-37 (Atlantis), STS-56 (Discovery), STS-74 (Atlantis)",,
Kenneth D. Cockrell,1990,13,Management,09-04-1950,"Austin, TX",Male,University of Texas; University of West Florida,Mechanical Engineering,Aeronautical Systems,Colonel,US Naval Reserves,5,1548,0,0,"STS-56 (Discovery), STS-69 (Endeavor), STS-80 (Columbia), STS-98 (Atlantis), STS-111 (Endeavor)",,
Kenneth S. Reightler Jr.,1987,12,Retired,24-03-1951,"Patuxent River, MD",Male,US Naval Academy; US Naval Postgraduate School; University of Southern California,Aerospace Engineering,Aeronautical Engineering; Systems Management,Captain,US Navy (Retired),2,327,0,0,"STS-48 (Discovery), STS-60 (Discovery)",,
Kenneth T. Ham,1998,17,Retired,12-12-1964,"Plainfield, NJ",Male,US Naval Academy; US Naval Postgraduate School,Aerospace Engineering,Aeronautical Engineering,Captain,US Navy,2,612,0,0,"STS-124 (Discovery), STS-132 (Atlantis)",,
Kent V. Rominger,1992,14,Retired,07-08-1956,"Del Norte, CO",Male,Colorado State University; US Naval Postgraduate School,Civil Engineering,Aeronautical Engineering,Captain,US Navy (Retired),5,1611,0,0,"STS-73 (Columbia), STS-80 (Columbia), STS-85 (Discovery), STS-96 (Discovery), STS-100 (Endeavor)",,
Kevin A. Ford,2000,18,Active,07-07-1960,"Portland, IN",Male,University of Notre Dame; Troy State University; University of Florida; Air Force Institute of Technology,Aerospace Engineering,International Relations; Aerospace Engineering; Astronautical Engineering,Colonel,US Air Force (Retired),2,3781,0,0,"STS-128 (Discovery), ISS-33/34 (Soyuz)",,
Kevin P. Chilton,1987,12,Retired,11-03-1954,"Los Angeles, CA",Male,US Air Force Academy; Columbia University,Engineering Science,Mechanical Engineering,Brigadier General,US Air Force (Retired),3,700,0,0,"STS-49 (Endeavor), STS-59 (Endeavor), STS-76 (Atlantis)",,
Kevin R. Kregel,1992,14,Retired,16-09-1956,"New York, NY",Male,US Air Force Academy; Troy State University,Astronautical Engineering,Public Administration,Brigadier General,US Air Force (Retired),4,1265,0,0,"STS-70 (Discovery), STS-78 (Columbia), STS-87 (Columbia), STS-99 (Endeavor)",,
Kjell N. Lindgren,2009,20,Active,23-01-1973,"Taipei, Taiwan",Male,US Air Force Academy; University of Colorado; Colorado State University; University of Minnesota; University of Texas Medical Branch-Galveston,Biology,Medicine; Cardiovascular Physiology; Health Informatics; Public Health,Brigadier General,US Air Force (Retired),1,3400,2,15,ISS-44/45 (Soyuz),,
L. Blaine Hammond Jr.,1984,10,Retired,16-01-1952,"Savannah, GA",Male,US Air Force Academy; Georgia Institute of Technology,Engineering Science,Engineering Science,Colonel,US Air Force (Retired),2,462,0,0,"STS-39 (Discovery), STS-64 (Discovery)",,
L. Gordon Cooper Jr.,1959,1,Deceased,06-03-1927,"Shawnee, OK",Male,Air Force Institute of Technology,Aeronautical Engineering,Engineering Science,Colonel,US Air Force (Retired),2,225,0,0,"Mercury 9, Gemini 5",04-10-2004,Natural causes
Laurel B. Clark,1996,16,Deceased,10-03-1961,"Ames, IA",Female,University of Wisconsin-Madison,Zoology,Medicine,Captain,US Navy,1,382,0,0,STS-107 (Columbia),01-02-2003,STS-107 (Columbia)
Lawrence J. Delucas,1996,16,Retired,11-07-1950,"Syracuse, NY",Male,University of Alabama at Birmingham,Chemistry; Physiological Optics,Chemistry; Biochemistry; Optometry,Captain,US Navy,1,331,0,0,STS-50 (Columbia),,
Lee J. Archambault,1998,17,Retired,25-08-1960,"Oak Park, IL",Male,University of Illinois-Urbana,Aeronautical & Astronautical Engineering,Aeronautical & Astronautical Engineering,Colonel,US Air Force,2,639,0,0,"STS-117 (Atlantis), STS-119 (Discovery)",,
Lee M. Morin,1996,16,Management,09-09-1952,"Manchester, NH",Male,University of New Hampshire; University of Alabama-Birmingham; New York University,Mathematical & Electrical Science,Public Health; Biochemistry; Medicine; Microbiology,Captain,US Navy,1,259,2,14,STS-110 (Atlantis),,
Leland D. Melvin,1998,17,Management,15-02-1964,"Lynchburg, VA",Male,University of Richmond; University of Virginia,Chemistry,Materials Science Engineering,Captain,US Navy,2,565,0,0,"STS-122 (Atlantis), STS-129 (Atlantis)",,
Leroy Chiao,1990,13,Retired,28-08-1960,"Milwaukee, WI",Male,University of California-Berkeley; University of California-Santa Barbara,Chemical Engineering,Chemical Engineering,Captain,US Navy,4,5503,6,36,"STS-65 (Columbia), STS-72 (Endeavor), STS-92 (Discovery), ISS-10 (Soyuz)",,
Linda M. Godwin,1985,11,Retired,02-07-1952,"Cape Girardeau, MO",Female,Southeast Missouri State; University of Missouri,Mathematics & Physics,Physics,Captain,US Navy,4,918,2,10,"STS-37 (Atlantis), STS-59 (Endeavor), STS-76 (Atlantis), STS-108 (Endeavor)",,
Lisa M. Nowak,1996,16,Retired,10-05-1963,"Washington, DC",Female,US Naval Academy; US Naval Postgraduate School,Aerospace Engineering,Aeronautical Engineering,Captain,US Navy (Retired),1,306,0,0,STS-121 (Discovery),,
Lodewijk van den Berg,1996,16,Retired,24-03-1932,"Sluiskil, Netherlands",Male,Delft University of Technology; University of Delaware,Chemical Engineering,Applied Science,Captain,US Navy (Retired),1,168,0,0,STS 51-B (Challenger),,
Loren J. Shriver,1978,8,Retired,23-09-1944,"Jefferson, IA",Male,US Air Force Academy; Purdue University,Aeronautical Engineering,Astronautical Engineering,Colonel,US Air Force (Retired),3,386,0,0,"STS 51-C (Discovery), STS-31 (Discovery), STS-46 (Atlantis)",,
Loren W. Acton,1978,8,Retired,07-03-1936,"Lewiston, MT",Male,Montana State University; University of Colorado,Engineering Physics,Solar Physics,Colonel,US Air Force (Retired),1,190,0,0,STS 51-F (Challenger),,
M. Scott Carpenter,1959,1,Retired,01-05-1925,"Boulder, CO",Male,University of Colorado,Aeronautical Engineering,Solar Physics,Commander,US Navy (Retired),1,4,0,0,Mercury 7,,
Mae C. Jemison,1987,12,Retired,17-10-1956,"Decatur, AL",Female,Stanford University; Cornell University,Chemical Engineering,Medicine,Commander,US Navy (Retired),1,190,0,0,STS-47 (Endeavor),,
Manley Lanier Carter Jr.,1984,10,Deceased,15-08-1947,"Macon, GA",Male,Emory University,Chemistry,Medicine,Captain,US Navy,1,120,0,0,STS-33 (Discovery),04-05-1991,
Margaret Rhea Seddon,1978,8,Retired,08-11-1947,"Murfreesboro, TN",Female,University of California-Berkeley; University of Tennessee,Physiology,Medicine,Captain,US Navy,3,722,0,0,"STS 51-D (Discovery), STS-40 (Columbia), STS-58 (Columbia)",,
Mario Runco Jr.,1987,12,Management,26-01-1952,"Bronx, NY",Male,City College of New York; Rutgers University,Earth & Planetary Science,Atmospheric Physics,Lieutenant Commander,US Navy (Retired),3,551,0,0,"STS-44 (Atlantis), STS-54 (Endeavor), STS-77 (Endeavor)",,
Mark C. Lee,1984,10,Retired,14-08-1952,"Viroqua, WI",Male,US Air Force Academy; MIT,Civil Engineering,Mechanical Engineering,Colonel,US Air Force (Retired),4,789,4,26,"STS-30 (Atlantis), STS-47 (Endeavor), STS-64 (Discovery), STS-82 (Discovery)",,
Mark E. Kelly,1996,16,Retired,21-02-1964,"Orange, NJ",Male,US Merchant Marine Academy; US Naval Postgraduate School,Marine Engineering & Nautical Science,Aeronautical Engineering,Captain,US Navy (Retired),4,1298,0,0,"STS-108 (Endeavor), STS-121 (Discovery), STS-124 (Discovery), STS-134 (Endeavor)",,
Mark L. Polansky,1996,16,Retired,02-06-1956,"Paterson, NJ",Male,Purdue University,Aeronautical & Astronautical Engineering,Aeronautical & Astronautical Engineering,Captain,US Navy (Retired),3,995,0,0,"STS-98 (Atlantis), ST-116 (Discovery), STS-127 (Endeavor)",,
Mark N. Brown,1984,10,Retired,18-11-1951,"Valparaiso, IN",Male,Purdue University; Air Force Institute of Technology,Aeronautical & Astronautical Engineering,Astronautical Engineering,Colonel,US Air Force (Retired),2,249,0,0,"STS 28 (Columbia), STS-48 (Discovery)",,
Mark T. Vande Hei,2009,20,Active,10-11-1966,"Falls Church, VA",Male,Saint John’s University; Stanford University,Physics,Applied Physics,Colonel,US Army,0,0,0,0,"STS 28 (Columbia), STS-48 (Discovery)",,
Marsha S. Ivins,1984,10,Retired,15-04-1951,"Baltimore, MD",Female,University of Colorado,Aerospace Engineering,Applied Physics,Colonel,US Army,5,1341,0,0,"STS-32 (Columbia), STS-46 (Atlantis), STS-62 (Columbia), STS-81 (Atlantis), STS-98 (Atlantis)",,
Martin J. Fettman,1984,10,Retired,31-12-1956,"Brooklyn, NY",Male,Cornell University; Colorado State University,Animal Nutrition,Physiology,Colonel,US Army,1,336,0,0,STS-58 (Columbia),,
Mary E. Weber,1992,14,Retired,24-08-1962,"Cleveland, OH",Female,Purdue University; University of California-Berkeley,Chemical Engineering,Physical Chemistry,Colonel,US Army,2,450,0,0,"STS-70 (Discovery), STS-101 (Atlantis)",,
Mary L. Cleave,1980,9,Retired,05-02-1947,"Southampton, NY",Female,Colorado State University; Utah State University,Biological Science,Microbial Ecology; Environmental Engineering,Colonel,US Army,2,262,0,0,"STS 61-B (Atlantis), STS-30 (Atlantis)",,
Michael A. Baker,1985,11,Management,27-10-1953,"Memphis, TN",Male,University of Texas,Aerospace Engineering,Microbial Ecology; Environmental Engineering,Captain,US Navy (Retired),4,965,0,0,"STS-43 (Atlantis), STS-52 (Columbia), STS-68 (Endeavor), STS-81 (Atlantis)",,
Michael Collins,1963,3,Retired,31-10-1930,"Rome, Italy",Male,US Military Academy,Aerospace Engineering,Microbial Ecology; Environmental Engineering,Captain,US Air Force Reserves,2,266,1,1,"Gemini 10, Apollo 11",,
Michael E. Fossum,1998,17,Active,19-12-1957,"Sioux Falls, SD",Male,Texas A&M University; Air Force Institute of Technology; University of Houston-Clear Lake,Mechanical Engineering,Systems Engineering; Physical Science (Space Science),Captain,US Air Force Reserves (Retired),3,4651,7,48,"STS-121 (Discovery), STS-124 (Discovery), ISS-28/29 (Soyuz)",,
Michael E. Lopez-Alegria,1992,14,Retired,30-05-1958,"Madrid, Spain",Male,US Naval Academy; US Naval Postgraduate School,Systems Engineering,Aeronautical Engineering,Captain,US Navy (Retired),3,6190,10,67,"STS-73 (Columbia), STS-92 (Discovery), STS-113 (Endeavor), ISS-14 (Soyuz)",,
Michael J. Bloomfield,1995,15,Retired,16-03-1959,"Flint, MI",Male,US Air Force Academy; Old Dominion University,Engineering Mechanics,Engineering Management,Colonel,US Air Force (Retired),3,779,0,0,"STS-86 (Atlantis), STS-97 (Endeavor), STS-110 (Atlantis)",,
Michael J. Foreman,1998,17,Management,29-03-1957,"Columbus, OH",Male,US Naval Academy; US Naval Postgraduate School,Aerospace Engineering,Aeronautical Engineering,Captain,US Navy (Retired),2,637,5,32,"STS-123 (Endeavor), STS-129 (Atlantis)",,
Michael J. Massimino,1996,16,Management,19-08-1962,"Oceanside, NY",Male,Columbia University; MIT,Industrial Engineering,Technology & Policy; Mechanical Engineering,Captain,US Navy (Retired),2,571,4,30,"STS-109 (Columbia), STS-125 (Atlantis)",,
Michael J. McCulley,1984,10,Retired,04-08-1943,"San Diego, CA",Male,Purdue University,Metallurgical Engineering,Metallurgical Engineering,Captain,US Navy (Retired),1,119,0,0,STS-34 (Atlantis),,
Michael J. Smith,1980,9,Deceased,30-04-1945,"Beaufort, NC",Male,US Naval Academy; US Naval Postgraduate School,Naval Sciences,Aeronautical Engineering,Captain,US Navy,1,0,0,0,STS 51-L (Challenger),28-01-1986,STS 51-L (Challenger)
Michael L. Coats,1978,8,Retired,16-01-1946,"Sacramento, CA",Male,US Naval Academy; George Washington University; US Naval Postgraduate School,Naval Sciences,Science & Technology Administration; Aeronautical Engineering,Captain,US Navy (Retired),3,463,0,0,"STS 41-D (Discovery), STS-29 (Discovery), STS-39 (Discovery)",,
Michael L. Gernhardt,1992,14,Management,04-05-1956,"Mansfield, OH",Male,Vanderbilt University; University of Pennsylvania,Physics,Bioengineering,Captain,US Navy (Retired),4,1039,4,23,"STS-69 (Endeavor), STS-83 (Columbia), STS-94 (Columbia), STS-104 (Atlantis)",,
Michael P. Anderson,1995,15,Deceased,25-12-1959,"Plattsburgh, NY",Male,University of Washington; Creighton University,Physics & Astronomy,Physics,Lieutenant Colonel,US Air Force,2,594,0,0,"STS-89 (Endeavor), STS-107 (Columbia)",01-02-2003,STS-107 (Columbia)
Michael R. Barratt,2000,18,Active,16-04-1959,"Vancouver, WA",Male,University of Washington; Northwestern University; Wright State University,Zoology,Medicine; Aerospace Medicine,Lieutenant Colonel,US Air Force,2,5075,1,5,"ISS-19/20 (Soyuz), STS-133 (Discovery)",,
Michael R. Clifford,1990,13,Retired,13-10-1952,"San Bernardino, CA",Male,US Military Academy; Georgia Institute of Technology,Zoology,Aerospace Engineering,Lieutenant Colonel,US Army (Retired),3,666,1,6,"STS-53 (Discovery), STS-59 (Endeavor), STS-76 (Atlantis)",,
Michael S. Hopkins,2009,20,Active,28-12-1968,"Lebanon, MO",Male,University of Illinois; Stanford University,Aerospace Engineering,Aerospace Engineering,Colonel,US Air Force,1,3990,2,13,ISS-37/38 (Soyuz),,
Michael T. Good,2000,18,Management,13-10-1962,"Parma, OH",Male,University of Notre Dame,Aerospace Engineering,Aerospace Engineering,Colonel,US Air Force (Retired),2,592,4,30,"STS-125 (Atlantis), STS-132 (Atlantis)",,
Millie Hughes-Fulford,2000,18,Retired,21-12-1945,"Mineral Wells, TX",Female,Tarleton State University; Texas Woman’s University,Chemistry & Biology,Aerospace Engineering,Colonel,US Air Force (Retired),1,218,0,0,STS-40 (Columbia),,
N. Jan Davis,1987,12,Retired,01-11-1953,"Cocoa Beach, FL",Female,Georgia Institute of Technology; Auburn University; University of Alabama-Huntsville,Applied Biology; Mechanical Engineering,Mechanical Engineering,Colonel,US Air Force (Retired),3,673,0,0,"STS-47 (Endeavor), STS-60 (Discovery), STS-85 (Discovery)",,
Nancy J. Currie,1990,13,Management,29-12-1958,"Wilmington, DE",Female,Ohio State University; University of Southern California; University of Houston,Biological Science,Safety Engineering; Industrial Engineering,Colonel,US Army (Retired),4,999,0,0,"STS-57 (Endeavor), STS-70 (Discovery), STS-88 (Endeavor), STS-109 (Columbia)",,
Neil A. Armstrong,1962,2,Deceased,05-08-1930,"Wapakoneta, OH",Male,Purdue University; University of Southern California,Aeronautical Engineering,Aerospace Engineering,Colonel,US Army (Retired),2,205,1,2,"Gemini 8, Apollo 11",25-08-2012,Complications from cardiac surgery
Neil W. Woodward III,1998,17,Retired,26-07-1962,"Chicago, IL",Male,MIT; University of Texas-Austin; George Washington University,Physics,Physics; Business Management,Commander,US Navy,0,0,0,0,"Gemini 8, Apollo 11",,
Niclolas J. M. Patrick,1998,17,Retired,22-03-1964,"North Yorkshire, England",Male,University of Cambridge; MIT,Engineering,Engineering; Mechanical Engineering,Commander,US Navy,2,638,3,18,"STS-116 (Discovery), STS-130 (Endeavor)",,
Nicole P. Stott,2000,18,Active,19-11-1962,"Albany, NY",Female,Embry-Riddle Aeronautical University; University of Central Florida,Aeronautical Engineering,Engineering Management,Commander,US Navy,2,2477,1,6,"STS-128/129 (Discovery/Atlantis), STS-133 (Discovery)",,
Norman E. Thagard,1978,8,Retired,03-07-1943,"Marianna, FL",Male,Florida State University; University of Texas,Engineering Science,Engineering Science; Medicine,Commander,US Navy,5,3373,0,0,"STS-7 (Challenger), STS 51-B (Challenger), STS-30 (Atlantis), STS-42 (Discovery), STS-71 (Soyuz/Atlantis)",,
Owen K. Garriott,1965,4,Retired,22-11-1930,"Enid, OK",Male,University of Oklahoma; Stanford University,Electrical Engineering,Electrical Engineering,Commander,US Navy,2,1674,3,14,"Skylab 3, STS-9 (Columbia)",,
Pamela A. Melroy,1995,15,Retired,17-09-1961,"Palo Alto, CA",Female,Wellesley College; MIT,Physics & Astronomy,Earth & Planetary Sciences,Colonel,US Air Force (Retired),3,914,0,0,"STS-92 (Discovery), STS-112 (Atlantis), STS-120 (Discovery)",,
Patricia Hilliard Robertson,1998,17,Deceased,12-03-1963,"Indiana, PA",Female,Indiana University of Pennsylvania; Medical College of Pennsylvania,Biology,Medicine,Colonel,US Air Force (Retired),0,0,0,0,"STS-92 (Discovery), STS-112 (Atlantis), STS-120 (Discovery)",24-05-2001,
Patrick G. Forrester,1996,16,Management,31-03-1957,"El Paso, TX",Male,US Military Academy; University of Virginia,Applied Science & Engineering,Mechanical & Aerospace Engineering,Colonel,US Army (Retired),3,950,4,25,"STS-105 (Discovery), STS-117 (Atlantis), STS-128 (Discovery)",,
Paul D. Scully-Power,1996,16,Retired,28-05-1944,"Sydney, Australia",Male,University of Sydney,Applied Mathematics,Mechanical & Aerospace Engineering,Colonel,US Army (Retired),1,197,0,0,STS 41-G (Challenger),,
Paul J. Weitz,1966,5,Retired,25-06-1932,"Erie, PA",Male,Pennsylvania State University; US Naval Postgraduate School,Aeronautical Engineering,Aeronautical Engineering,Captain,US Navy (Retired),2,793,1,2,"Skylab 2, STS-6 (Challenger)",,
Paul S. Lockhart,1996,16,Retired,28-04-1956,"Amarillo, TX",Male,Texas Tech University; University of Texas,Mathematics,Aerospace Engineering,Colonel,US Air Force (Retired),2,663,0,0,"STS-111 (Endeavor), STS-113 (Endeavor)",,
Paul W. Richards,1996,16,Management,20-05-1964,"Scranton, PA",Male,Drexel University; University of Maryland,Mechanical Engineering,Mechanical Engineering,Colonel,US Air Force (Retired),1,307,1,6,STS-102 (Discovery),,
Peggy A. Whitson,1996,16,Active,09-02-1960,"Mt. Ayr, IA",Female,Iowa Wesleyan College; Rice University,Chemistry & Biology,Biochemistry,Colonel,US Air Force (Retired),3,11698,7,46,"STS-111/113 (Endeavor), ISS-16 (Soyuz), ISS-50/51 (Soyuz)",,
Peter J. K. Wisoff,1990,13,Retired,16-08-1958,"Norfolk, VA",Male,University of Virginia; Stanford University,Physics,Applied Physics,Colonel,US Air Force (Retired),4,1064,3,20,"STS-57 (Endeavor), STS-68 (Endeavor), STS-81 (Atlantis), STS-92 (Discovery)",,
Philip K. Chapman,1967,6,Retired,05-03-1935,"Melbourne, Australia",Male,University of Sydney; MIT,Physics & Mathematics,Aeronautics & Astronautics; Instrumentation,Colonel,US Air Force (Retired),0,0,0,0,"STS-57 (Endeavor), STS-68 (Endeavor), STS-81 (Atlantis), STS-92 (Discovery)",,
Pierre J. Thuot,1985,11,Retired,19-05-1955,"Groton, CT",Male,US Naval Academy; University of Southern California,Physics,Systems Management,Commander,US Navy,3,654,3,17,"STS-36 (Atlantis), STS-49 (Endeavor), STS-62 (Columbia)",,
Piers J. Sellers,1996,16,Management,11-04-1955,"Crowborough, England",Male,University of Edinburgh; Leeds University,Ecological Science,Biometeorology,Commander,US Navy,3,839,6,41,"STS-112 (Atlantis), STS-121 (Discovery), STS-132 (Atlantis)",,
Randolph J. Bresnik,2004,19,Active,11-09-1967,"Fort Knox, KY",Male,The Citadel; University of Tennessee-Knoxville,Mathematics,Aviation Systems,Colonel,US Marine Corps,1,259,2,12,STS-129 (Atlantis),,
Rex J. Walheim,1996,16,Active,10-10-1962,"Redwood, CA",Male,University of California-Berkeley; University of Houston,Mechanical Engineering,Industrial Engineering,Colonel,US Air Force (Retired),3,872,5,36,"STS-110 (Atlantis), STS-122 (Atlantis), STS-135 (Atlantis)",,
Richard A. Mastracchio,1996,16,Active,11-02-1960,"Waterbury, CT",Male,University of Connecticut; Rensselaer Polytechnic Institute; University of Houston-Clear Lake,Electrical Engineering; Computer Science,Electrical Engineering; Physical Sciences,Colonel,US Air Force (Retired),4,5461,9,53,"STS-106 (Atlantis), STS-118 (Endeavor), STS-131 (Discovery), ISS-38/39 (Soyuz)",,
Richard A. Searfoss,1990,13,Retired,05-06-1956,"Mount Clemens, MI",Male,US Air Force Academy; California Institute of Technology,Aeronautical Engineering,Aeronautics,Colonel,US Air Force (Retired),3,939,0,0,"STS-58 (Columbia), STS-76 (Atlantis), STS-90 (Columbia)",,
Richard F. Gordon Jr.,1963,3,Retired,05-10-1929,"Seattle, WA",Male,University of Washington,Chemistry,Aeronautics,Captain,US Navy (Retired),2,315,1,0.5,"Gemini 11, Apollo 12",,
Richard H. Truly,1969,7,Retired,12-11-1937,"Fayette, MS",Male,Georgia Institute of Technology,Aeronautical Engineering,Aeronautics,Vice Admiral,US Navy (Retired),2,199,0,0,"STS-2 (Columbia), STS-8 (Challenger)",,
Richard J. Hieb,1985,11,Retired,21-09-1955,"Jamestown, ND",Male,Northwest Nazarene College; University of Colorado,Mathematics & Physics,Aerospace Engineering,Vice Admiral,US Navy (Retired),3,766,3,18,"STS-39 (Discovery), STS-49 (Endeavor), STS-65 (Columbia)",,
Richard M. Linnehan,1992,14,Management,19-09-1957,"Lowell, MA",Male,University of New Hampshire; Ohio State University; Harvard University,Animal Science,Veterinary Medicine; Public Administration,Vice Admiral,US Navy (Retired),4,1427,6,43,"STS-78 (Columbia), STS-90 (Columbia), STS-109 (Columbia), STS-123 (Endeavor)",,
Richard M. Mullane,1978,8,Retired,10-09-1945,"Wichita Falls, TX",Male,US Military Academy; US Air Force Institute of Technology,Military Engineering,Aeronautical Engineering,Colonel,US Air Force (Retired),3,356,0,0,"STS 41-D (Discovery), STS-27 (Atlantis), STS-36 (Atlantis)",,
Richard N. Richards,1980,9,Retired,24-08-1946,"Key West, FL",Male,University of Missouri; University of West Florida,Chemical Engineering,Aeronautical Systems,Captain,US Navy (Retired),4,813,0,0,"STS-28 (Columbia), STS-41 (Discovery), STS-50 (Columbia), STS-64 (Discovery)",,
Richard O. Covey,1978,8,Retired,01-08-1946,"Fayetteville, AR",Male,US Air Force Academy; Purdue University,Engineering Science,Aeronautics & Astronautics,Colonel,US Air Force (Retired),4,645,0,0,"STS 51-l (Discovery), STS-26 (Discovery), STS-38 (Atlantis), STS-61 (Endeavor)",,
Richard R. Arnold II,2004,19,Active,26-11-1963,"Cheverly, MD",Male,Frostburg State University; University of Maryland,Accounting,Environmental Science,Colonel,US Air Force (Retired),1,307,2,12,STS-119 (Discovery),,
Rick D. Husband,1995,15,Deceased,12-07-1957,"Amarillo, TX",Male,Texas Tech University; California State University,Mechanical Engineering,Mechanical Engineering,Colonel,US Air Force,2,617,0,0,"STS-96 (Discovery), STS-107 (Columbia)",01-02-2003,STS-107 (Columbia)
Robert A. Parker,1967,6,Retired,14-12-1936,"New York, NY",Male,Amherst College; California Institute of Technology,Physics & Astronomy,Astronomy,Colonel,US Air Force,2,462,0,0,"STS-9 (Columbia), STS-35 (Columbia)",,
Robert C. Springer,1980,9,Retired,21-05-1942,"St. Louis, MO",Male,US Naval Academy; US Naval Postgraduate School,Naval Sciences,Operations Research,Colonel,US Marine Corps (Retired),2,237,0,0,"STS-29 (Discovery), STS-38 (Atlantis)",,
Robert Cenker,1980,9,Retired,05-11-1948,"Uniontown, PA",Male,Pennsylvania State University; Rutgers University,Aerospace Engineering,Aerospace Engineering; Electrical Engineering,Colonel,US Marine Corps (Retired),1,146,0,0,STS 61-C (Columbia),,
Robert D. Cabana,1985,11,Management,23-01-1949,"Minneapolis, MN",Male,US Naval Academy,Mathematics,Aerospace Engineering; Electrical Engineering,Colonel,US Marine Corps (Retired),4,910,0,0,"STS-41 (Discovery), STS-53 (Discovery), STS-65 (Columbia), STS-88 (Endeavor)",,
Robert F. Overmyer,1969,7,Deceased,14-07-1936,"Lorain, OH",Male,Baldwin Wallace College; US Naval Postgraduate School,Physics,Aeronautics,Colonel,US Marine Corps (Retired),2,290,0,0,"STS-5 (Columbia), STS 51-B (Challenger)",22-03-1996,Natural causes
Robert L. Behnken,2000,18,Active,28-07-1970,"Creve Couer, MO",Male,Washington University; California Institute of Technology,Physics & Mechanical Engineering,Mechanical Engineering,Colonel,US Air Force,2,708,6,37,"STS-123 (Endeavor), STS-130 (Endeavor)",,
Robert L. Crippen,1969,7,Retired,11-09-1937,"Beaumont, TX",Male,University of Texas,Aerospace Engineering,Mechanical Engineering,Captain,US Navy (Retired),4,565,0,0,"STS-1 (Columbia), STS-7 (Challenger), STS 41-C (Challenger), STS 41-G (Challenger)",,
Robert L. Curbeam Jr.,1995,15,Retired,05-03-1962,"Baltimore, MD",Male,US Naval Academy; US Naval Postgraduate School,Aerospace Engineering,Aerospace Engineering; Aeronautical & Astronautical Engineering,Captain,US Navy (Retired),3,902,7,45,"STS-85 (Discovery), STS-98 (Atlantis), STS-116 (Discovery)",,
Robert L. Gibson,1978,8,Retired,30-10-1946,"Cooperstown, NY",Male,California Polytechnic Institute,Aeronautical Engineering,Aerospace Engineering; Aeronautical & Astronautical Engineering,Captain,US Navy (Retired),5,868,0,0,"STS 41-B (Challenger), STS 61-C (Columbia), STS-27 (Atlantis), STS-47 (Endeavor), STS-71 (Atlantis)",,
Robert L. Satcher Jr.,2004,19,Retired,22-09-1965,"Hampton, VA",Male,MIT; Harvard University,Chemical Engineering,Chemical Engineering; Medicine,Captain,US Navy (Retired),1,259,2,12,STS-129 (Atlantis),,
Robert L. Stewart,1978,8,Retired,13-08-1942,"Washington, DC",Male,University of Southern Mississippi; University of Texas-Arlington,Mathematics,Aerospace Engineering,Brigadier General,US Army (Retired),2,289,2,12,"STS 41-B (Challenger), STS 51-J (Atlantis)",,
Robert Shane Kimbrough,2004,19,Active,04-06-1967,"Killeen, TX",Male,US Military Academy; Georgia Institute of Technology,Aerospace Engineering,Operations Research,Colonel,US Army,3,3720,4,25,"STS-126 (Endeavor), ISS-49/50 (Soyuz)",,
Roger B. Chaffee,1963,3,Deceased,15-02-1935,"Grand Rapids, MI",Male,Purdue University,Aeronautical Engineering,Operations Research,Lieutenant Commander,US Navy,1,0,0,0,Apollo 1,27-01-1967,Apollo 1
Roger K. Crouch,1963,3,Retired,12-09-1940,"Jamestown, TN",Male,Tennessee Polytechnic Institute; Virginia Polytechnic Institute,Physics,Physics,Lieutenant Commander,US Navy,1,471,0,0,"STS-83 (Columbia), STS-94 (Columbia)",,
Ronald A. Parise,1963,3,Deceased,24-05-1951,"Warren, OH",Male,Youngstown State University; University of Florida,Physics,Astronomy,Lieutenant Commander,US Navy,2,614,0,0,"STS-35 (Columbia), STS-67 (Endeavor)",09-05-2008,Natural causes
Ronald E. Evans Jr.,1966,5,Deceased,10-11-1933,"St. Francis, KS",Male,University of Kansas; US Naval Postgraduate School,Electrical Engineering,Aeronautical Engineering,Captain,US Navy (Retired),1,301,1,1,Apollo 17,06-04-1990,Due to heart attack
Ronald E. McNair,1978,8,Deceased,21-10-1950,"Lake City, SC",Male,North Carolina A&T State College; MIT,Physics,Physics,Captain,US Navy (Retired),2,191,0,0,"STS 41-B (Challenger), STS 51-L (Challenger)",28-01-1986,STS 51-L (Challenger)
Ronald J. Garan Jr.,2000,18,Management,20-10-1961,"Yonkers, NY",Male,State University of New York; Embry-Riddle Aeronautical University; University of Florida,Business Economics,Aeronautics; Aerospace Engineering,Colonel,US Air Force (Retired),2,4271,4,27,"STS-124 (Discovery), ISS-27/28 (Soyuz)",,
Ronald J. Grabe,1980,9,Retired,13-06-1945,"New York, NY",Male,US Air Force Academy,Engineering Science,Aeronautics; Aerospace Engineering,Colonel,US Air Force (Retired),4,627,0,0,"STS 51-J (Atlantis), STS-30 (Atlantis), STS-42 (Discovery), STS-57 (Endeavor)",,
Ronald M. Sega,1990,13,Retired,04-12-1952,"Cleveland, OH",Male,US Air Force Academy; Ohio State University; University of Colorado,Physics & Mathematics,Physics; Electrical Engineering,Colonel,US Air Force Reserves (Retired),2,420,0,0,"STS-60 (Discovery), STS-76 (Atlantis)",,
Roy D. Bridges Jr.,1980,9,Retired,19-07-1943,"Atlanta, GA",Male,US Air Force Academy; Purdue University,Engineering Science,Astronautics,Major General,US Air Force (Retired),1,190,0,0,STS 51-F (Challenger),,
Russell L. Schweickart,1963,3,Retired,25-10-1935,"Neptune, NJ",Male,MIT,Aeronautics & Astronautics,Aeronautics & Astronautics,Major General,US Air Force (Retired),1,241,1,1,Apollo 9,,
S. Christa McAuliffe,1963,3,Deceased,02-09-1948,"Boston, MA",Female,Framingham State College; Bowie State College,Education,Education,Major General,US Air Force (Retired),1,0,0,0,STS 51-L (Challenger),28-01-1986,STS 51-L (Challenger)
S. David Griggs,1978,8,Deceased,07-09-1939,"Portland, OR",Male,US Naval Academy; George Washington University,Education,Business Administration,Major General,US Air Force (Retired),1,167,1,3,STS 51-D (Discovery),17-06-1989,car accident
Sally K. Ride,1978,8,Deceased,26-05-1951,"Los Angeles, CA",Female,Stanford University,Physics; English,Physics,Major General,US Air Force (Retired),2,343,0,0,"STS-7 (Challenger), STS 41-G (Challenger)",23-07-2012,Pancreatic cancer
Samuel T. Durrance,1978,8,Retired,17-09-1943,"Tallahassee, FL",Male,California State University; University of Colorado,Physics,Physics; Astrogeophysics,Major General,US Air Force (Retired),2,614,0,0,"STS-35 (Columbia), STS-67 (Endeavor)",,
Sandra H. Magnus,1996,16,Retired,30-10-1964,"Belleville, IL",Female,University of Missouri-Rolla; Georgia Institute of Technology,Physics,Electrical Engineering; Materials Science & Engineering,Major General,US Air Force (Retired),3,3776,0,0,"STS-112 (Atlantis), STS-126/119 (Endeavor/Discovery), STS-135 (Atlantis)",,
Scott D. Altman,1995,15,Retired,15-08-1959,"Lincoln, IL",Male,University of Illinois; US Naval Postgraduate School,Aeronautical & Astronautical Engineering,Aeronautical Engineering,Captain,US Navy (Retired),4,1236,0,0,"STS-90 (Columbia), STS-106 (Atlantis), STS-109 (Columbia), STS-125 (Atlantis)",,
Scott D. Tingle,2009,20,Active,19-07-1965,"Attleboro, MA",Male,Southeastern Massachusetts University; Purdue University,Mechanical Engineering,Mechanical Engineering,Commander,US Navy,0,0,0,0,"STS-90 (Columbia), STS-106 (Atlantis), STS-109 (Columbia), STS-125 (Atlantis)",,
Scott E. Parazynski,1992,14,Retired,28-07-1961,"Little Rock, AR",Male,Stanford University,Biology,Medicine,Commander,US Navy,5,1404,7,47,"STS-66 (Atlantis), STS-86 (Atlantis), STS-95 (Discovery), STS-100 (Endeavor), STS-120 (Discovery)",,
Scott J. Horowitz,1992,14,Retired,24-03-1957,"Philadelphia, PA",Male,California State University-Northridge; Georgia Institute of Technology,Engineering,Aerospace Engineering,Colonel,US Air Force (Retired),4,1137,0,0,"STS-75 (Columbia), STS-82 (Discovery), STS-101 (Atlantis), STS-105 (Discovery)",,
Scott J. Kelly,1996,16,Active,21-02-1964,"Orange, NJ",Male,State University of New York Maritime College; University of Tennessee-Knoxville,Electrical Engineering,Aviation Systems,Captain,US Navy (Retired),4,12490,3,18,"STS-103 (Discovery), STS-118 (Endeavor), ISS-25/26 (Soyuz), ISS-43/44/45/46 (Soyuz)",,
Serena M. Aunon,2009,20,Active,09-04-1976,"Indianapolis, IN",Female,George Washington University; University of Texas,Electrical Engineering,Medicine,Captain,US Navy (Retired),0,0,0,0,"STS-103 (Discovery), STS-118 (Endeavor), ISS-25/26 (Soyuz), ISS-43/44/45/46 (Soyuz)",,
Shannon W. Lucid,1978,8,Retired,14-01-1943,"Shanghai, China",Female,University of Oklahoma,Chemistry,Biochemistry,Captain,US Navy (Retired),5,5354,0,0,"STS 51-G (Discovery), STS-34 (Atlantis), STS-43 (Atlantis), STS-58 (Columbia), STS-76/79 (Atlantis)",,
Shannon Walker,2004,19,Active,04-06-1965,"Houston, TX",Female,Rice University,Space Physics,Space Physics,Captain,US Navy (Retired),1,3919,0,0,ISS-24/25 (Soyuz),,
Sherwood C. Spring,1980,9,Retired,23-09-1944,"Hartford, CT",Male,US Military Academy; University of Arizona,Engineering,Aerospace Engineering,Colonel,US Army (Retired),1,165,2,12,STS 61-B (Atlantis),,
Sidney M. Gutierrez,1984,10,Retired,27-06-1951,"Albuquerque, NM",Male,US Air Force Academy; Webster College,Aeronautical Engineering,Business Management,Colonel,US Air Force (Retired),2,488,0,0,"STS-40 (Columbia), STS-59 (Endeavor)",,
Stanley G. Love,1998,17,Management,08-06-1965,"San Diego, CA",Male,Harvey Mudd College; University of Washington,Physics,Astronomy,Colonel,US Air Force (Retired),1,306,2,15,STS-122 (Atlantis),,
Stephanie D. Wilson,1996,16,Active,27-09-1966,"Boston, MA",Female,Harvard University; University of Texas,Engineering Science,Aerospace Engineering,Colonel,US Air Force (Retired),3,1031,0,0,"STS-121 (Discovery), STS-120 (Discovery), STS-131 (Discovery)",,
Stephen D. Thorne,1985,11,Deceased,11-02-1953,"Frankfurt, West Germany",Male,US Naval Academy,Engineering,Aerospace Engineering,Lieutenant Commander,US Navy,0,0,0,0,"STS-121 (Discovery), STS-120 (Discovery), STS-131 (Discovery)",24-05-1986,
Stephen G. Bowen,2000,18,Active,13-02-1964,"Cohasset, MA",Male,US Naval Academy; MIT,Electrical Engineering,Ocean Engineering,Captain,US Navy,3,970,7,47,"STS-126 (Endeavor), STS-132 (Atlantis), STS-133 (Discovery)",,
Stephen K. Robinson,1995,15,Retired,26-10-1955,"Sacramento, CA",Male,University of California-Davis; Stanford University,Mechanical & Aeronautical Engineering,Mechanical  Engineering,Captain,US Navy,4,1162,3,20,"STS-85 (Discovery), STS-95 (Discovery), STS-114 (Discovery), STS-130 (Endeavor)",,
Stephen N. Frick,1996,16,Management,30-09-1961,"Pittsburgh, PA",Male,US Naval Academy; US Naval Postgraduate School,Aerospace Engineering,Aeronautical Engineering,Captain,US Navy (Retired),2,566,0,0,"STS-110 (Atlantis), STS-122 (Atlantis)",,
Stephen S. Oswald,1985,11,Retired,30-06-1951,"Seattle, WA",Male,US Naval Academy,Aerospace Engineering,Aeronautical Engineering,Captain,US Navy (Retired),3,814,0,0,"STS-42 (Discovery), STS-56 (Discovery), STS-67 (Endeavor)",,
Steven A. Hawley,1978,8,Retired,12-12-1951,"Ottawa, KS",Male,University of Kansas; University of California,Physics & Astronomy,Astronomy & Astrophysics,Captain,US Navy (Retired),5,770,0,0,"STS 41-D (Discovery), STS 61-C (Columbia), STS-31 (Discovery), STS-82 (Discovery), STS-93 (Columbia)",,
Steven L. Smith,1992,14,Management,30-12-1958,"Phoenix, AZ",Male,Stanford University,Electrical Engineering,Electrical Engineering,Captain,US Navy (Retired),4,960,7,49,"STS-68 (Endeavor), STS-82 (Discovery), STS-103 (Discovery), STS-110 (Atlantis)",,
Steven R. Nagel,1978,8,Retired,27-10-1946,"Canton, IL",Male,University of Illinois; California State University-Fresno,Aerospace Engineering,Mechanical  Engineering,Colonel,US Air Force (Retired),4,721,0,0,"STS 51-G (Discovery), STS 61-A (Challenger), STS-37 (Atlantis), STS-55 (Columbia)",,
Steven R. Swanson,1998,17,Active,03-12-1960,"Syracuse, NY",Male,University of Colorado; Florida Atlantic University; Texas A&M University,Engineering Physics,Computer Systems; Computer Science,Colonel,US Air Force (Retired),3,4700,5,28,"STS-117 (Atlantis), STS-119 (Discovery), ISS-39/40 (Soyuz)",,
Steven W. Lindsey,1995,15,Retired,24-08-1960,"Arcadia, CA",Male,US Air Force Academy; US Air Force Institute of Technology,Engineering Science,Aeronautical Engineering,Colonel,US Air Force (Retired),5,1510,0,0,"STS-87 (Columbia), STS-95 (Discovery), STS-104 (Atlantis), STS-121 (Discovery), STS-133 (Discovery)",,
Story Musgrave,1967,6,Retired,19-08-1935,"Boston, MA",Male,Syracuse University; Marietta College; University of California-Los Angeles; University of Kentucky; University of Houston; Columbia University,Mathematics & Statistics; Chemistry,Business Administration; Physiology; Literature; Medicine,Colonel,US Air Force (Retired),6,1281,4,26,"STS-6 (Challenger), STS 51-F (Challenger), STS-33 (Discovery), STS-44 (Atlantis), STS-61 (Endeavor), STS-80 (Columbia)",,
Stuart A. Roosa,1966,5,Deceased,16-08-1933,"Durango, CO",Male,University of Colorado,Aeronautical Engineering,Business Administration; Physiology; Literature; Medicine,Colonel,US Air Force (Retired),1,216,0,0,Apollo 14,12-12-1994,Natural causes
Sunita L. Williams,1998,17,Active,19-09-1965,"Euclid, OH",Female,US Naval Academy; Florida Institute of Technology,Physical Science,Engineering Management,Captain,US Navy,2,7721,7,50,"STS-116/117 (Discovery/Atlantis), ISS-32/33 (Soyuz)",,
Susan J. Helms,1990,13,Retired,26-02-1958,"Charlotte, NC",Female,US Air Force Academy; Stanford University,Aeronautical Engineering,Aeronautics & Astronautics,Lieutenant General,US Air Force,5,5063,1,9,"STS-54 (Endeavor), STS-64 (Discovery), STS-78 (Columbia), STS-101 (Atlantis), STS-102/105 (Discovery)",,
Susan L. Kilrain (Still),1995,15,Retired,24-10-1961,"Augusta, GA",Female,Embry-Riddle University; Georgia Institute of Technology,Astronautical Engineering,Aerospace Engineering,Commander,US Navy (Retired),2,472,0,0,"STS-83 (Columbia), STS-94 (Columbia)",,
Tamara E. Jernigan,1985,11,Retired,07-05-1959,"Chattanooga, TN",Female,Stanford University; University of California-Berkeley; Rice University,Physics,Engineering Science; Astronomy,Commander,US Navy (Retired),5,1489,1,8,"STS-40 (Columbia), STS-52 (Columbia), STS-67 (Endeavor), STS-80 (Columbia), STS-98 (Discovery)",,
Taylor G. Wang,1985,11,Retired,16-06-1940,"Jiangxi, China",Male,University of California at Los Angeles,Physics,Physics,Commander,US Navy (Retired),1,168,0,0,STS 51-B (Challenger),,
Terence T. Henricks,1985,11,Retired,05-07-1952,"Bryan, OH",Male,US Air Force Academy; Golden Gate University,Civil Engineering,Public Administration,Colonel,US Air Force (Retired),4,1026,0,0,"STS-44 (Atlantis), STS-55 (Columbia), STS-70 (Discovery), STS-78 (Columbia)",,
Terrence W. Wilcutt,1990,13,Management,31-10-1949,"Russellville, KY",Male,Western Kentucky University,Mathematics,Public Administration,Colonel,US Air Force (Retired),4,1008,0,0,"STS-68 (Endeavor), STS-79 (Atlantis), STS-89 (Endeavor), STS-106 (Atlantis)",,
Terry J. Hart,1978,8,Retired,27-10-1946,"Pittsburgh, PA",Male,Lehigh University; MIT; Rutgers University,Mechanical Engineering,Mechanical Engineering; Electrical Engineering,Colonel,US Air Force (Retired),1,167,0,0,STS 41-C (Challenger),,
Terry W. Virts Jr.,2000,18,Active,01-12-1967,"Baltimore, MD",Male,US Air Force Academy; Embry-Riddle Aeronautical University,Mathematics,Aeronautics,Colonel,US Air Force,2,5122,3,18,"STS-130 (Endeavor), ISS-42/43 (Soyuz)",,
Theodore C. Freeman,1963,3,Deceased,18-02-1930,"Haversford, PA",Male,US Naval Academy; University of Michigan,Mathematics,Aeronautical Engineering,Captain,US Air Force,0,0,0,0,"STS-130 (Endeavor), ISS-42/43 (Soyuz)",31-10-1964,T-38 jet aircraft
Thomas D. Akers,1987,12,Retired,20-05-1951,"St. Louis, MO",Male,University of Missouri-Rolla,Applied Mathematics,Applied Mathematics,Colonel,US Air Force (Retired),4,814,4,29,"STS-41 (Discovery), STS-49 (Endeavor), STS-61 (Endeavor), STS-79 (Atlantis)",,
Thomas D. Jones,1990,13,Retired,22-01-1955,"Baltimore, MD",Male,US Air Force Academy; University of Arizona,Applied Mathematics,Planetary Science,Colonel,US Air Force (Retired),4,1272,3,20,"STS-59 (Endeavor), STS-68 (Endeavor), STS-80 (Columbia), STS-98 (Atlantis)",,
Thomas H. Marshburn,2004,19,Active,29-08-1960,"Statesville, NC",Male,Davidson College; University of Virginia; Wake Forest University; University of Texas Medical Branch-Galveston,Physics,Engineering Physics; Medicine; Medical Science,Colonel,US Air Force (Retired),2,3871,4,24,"STS-127 (Endeavor), ISS-34/35 (Soyuz)",,
Thomas J. Hennen,2004,19,Retired,17-08-1952,"Albany, GA",Male,,Physics,Engineering Physics; Medicine; Medical Science,Chief Warrant Officer,US Army (Retired),1,166,0,0,STS-44 (Atlantis),,
Thomas K. Mattingly II,1966,5,Retired,17-03-1936,"Chicago, IL",Male,Auburn University,Aeronautical Engineering,Engineering Physics; Medicine; Medical Science,Rear Admiral,US Navy (Retired),3,508,1,1,"Apollo 16, STS-4 (Columbia), STS 51-C (Discovery)",,
Thomas P. Stafford,1962,2,Retired,17-09-1930,"Weatherford, OK",Male,US Naval Academy,Aeronautical Engineering,Engineering Physics; Medicine; Medical Science,Lieutenant General,US Air Force (Retired),4,507,0,0,"Gemini 6, Gemini 9, Apollo 10, Apollo-Soyuz Test Project",,
Timothy J. Creamer,1998,17,Management,15-11-1959,"Ft. Huachuca, AZ",Male,Loyola College; MIT,Chemistry,Physics,Colonel,US Army (Retired),1,3917,0,0,ISS-22/23 (Soyuz),,
Timothy L. Kopra,2000,18,Active,09-04-1963,"Austin, TX",Male,US Military Academy; Georgia Institute of Technology; US Army War College,Computer Science,Aerospace Engineering; Strategic Studies,Colonel,US Army (Retired),2,5857,3,13,"STS-127/128 (Endeavor/Discovery), ISS-46/47 (Soyuz)",,
Tracy E. Caldwell (Dyson),1998,17,Active,14-08-1969,"Arcadia, CA",Female,California State University-Fullerton; University of California-Davis,Chemistry,Physical Chemistry,Colonel,US Army (Retired),2,4531,3,23,"STS-118 (Endeavor), ISS-23/24 (Soyuz)",,
Vance D. Brand,1966,5,Retired,09-05-1931,"Longmont, CA",Male,University of Colorado; University of California Los Angeles,Business Management; Aeronautical Engineering,Business Administration,Colonel,US Marine Corps Reserves,4,752,0,0,"Apollo-Soyuz Test Project, STS-5 (Columbia), STS 41-B (Challenger), STS-35 (Columbia)",,
Virgil I. Grissom,1959,1,Deceased,03-04-1926,"Mitchell, IN",Male,Purdue University,Mechanical Engineering,Business Administration,Lieutenant Colonel,US Air Force,2,5,0,0,"Mercury 4, Gemini 3, Apollo 1",27-01-1967,Apollo 1
Walter Cunningham,1963,3,Retired,16-03-1932,"Creston, IA",Male,University of California-Los Angeles,Physics,Physics,Colonel,US Marine Corps Reserves,1,260,0,0,Apollo 7,,
Walter M. Schirra Jr.,1959,1,Deceased,12-03-1923,"Hackensack, NJ",Male,US Naval Academy,Naval Sciences,Physics,Captain,US Navy (Retired),3,295,0,0,"Mercury 8, Gemini 6, Apollo 7",02-05-2007,Natural causes
Wendy B. Lawrence,1992,14,Retired,02-07-1959,"Jacksonville, FL",Female,US Naval Academy; MIT,Ocean Engineering,Ocean Engineering,Captain,US Navy (Retired),4,1223,0,0,"STS-67 (Endeavor), STS-86 (Atlantis), STS-91 (Discovery), STS-114 (Discovery)",,
William A. Anders,1963,3,Retired,17-10-1933,Hong Kong,Male,US Naval Academy; Air Force Institute of Technology,Nuclear Engineering,Nuclear Engineering,Major General,US Air Force Reserves (Retired),1,147,0,0,Apollo 8,,
William A. Oefelein,1998,17,Retired,29-03-1965,"Ft. Belvoir, VA",Male,Oregon State University; University of Tennessee,Electrical Engineering,Aviation Systems,Commander,US Navy (Retired),1,308,0,0,STS-116 (Discovery),,
William A. Pailes,1998,17,Retired,26-06-1952,"Hackensack, NJ",Male,US Air Force Academy; Texas A&M University,Computer Science,Computer Science,Colonel,US Air Force (Retired),1,97,0,0,STS 51-J (Atlantis),,
William B. Lenoir,1967,6,Deceased,14-03-1939,"Miami, FL",Male,MIT,Electrical Engineering,Electrical Engineering,Colonel,US Air Force (Retired),1,122,0,0,STS-5 (Columbia),26-08-2010,Natural causes
William C. McCool,1996,16,Deceased,23-09-1961,"San Diego, CA",Male,US Naval Academy; University of Maryland; US Naval Postgraduate School,Naval Sciences,Computer Science; Aeronautical Engineering,Commander,US Navy,1,382,0,0,STS-107 (Columbia),01-02-2003,STS-107 (Columbia)
William E. Thornton,1967,6,Retired,14-04-1929,"Faison, NC",Male,University of North Carolina,Physics,Medicine,Commander,US Navy,2,315,0,0,"STS-8 (Challenger), STS 51-B (Challenger)",,
William F. Fisher,1980,9,Retired,01-04-1946,"Dallas, TX",Male,Stanford University; University of Houston; University of Florida,Physics,Engineering; Medicine,Commander,US Navy,1,170,2,12,STS 51-I (Discovery),,
William F. Readdy,1987,12,Retired,24-01-1952,"Quonset Point, RI",Male,US Naval Academy,Aerospace Engineering,Engineering; Medicine,Captain,US Navy (Retired),3,672,0,0,"STS-42 (Discovery), STS-51 (Discovery), STS-79 (Atlantis)",,
William G. Gregory,1990,13,Retired,14-05-1957,"Lockport, NY",Male,US Air Force Academy; Columbia University; Troy State University,Engineering Science,Engineering Mechanics; Business Management,Lieutenant Colonel,US Air Force,1,399,0,0,STS-67 (Endeavor),,
William M. Shepherd,1984,10,Retired,26-07-1949,"Oak Ridge, TN",Male,US Naval Academy; MIT,Aerospace Engineering,Mechanical  Engineering,Captain,US Navy (Retired),4,3823,0,0,"STS-37 (Atlantis), STS-41 (Discovery), STS-52 (Columbia), ISS-01/STS-102 (Soyuz/Discovery)",,
William R. Pogue,1966,5,Retired,23-01-1930,"Okemah, OK",Male,Oklahoma Baptist University; Oklahoma State University,Education,Mathematics,Colonel,US Air Force (Retired),1,2017,2,13,Skylab 4,,
William S. McArthur Jr.,1990,3,Management,26-07-1951,"Laurinburg, NC",Male,US Military Academy; Georgia Institute of Technology,Applied Science & Engineering,Aerospace Engineering,Colonel,US Army (Retired),4,5398,4,24,"STS-58 (Columbia), STS-74 (Atlantis), STS-92 (Discovery), ISS-12 (Soyuz)",,
Winston E. Scott,1992,14,Retired,06-08-1950,"Miami, FL",Male,Florida State University; US Naval Postgraduate School,Music,Aeronautical Engineering,Captain,US Navy (Retired),2,590,3,19,"STS-72 (Endeavor), STS-87 (Columbia)",,
Yvonne D. Cagle,1996,16,Management,24-04-1959,"West Point, NY",Female,San Francisco State University,Biochemistry,Aeronautical Engineering,Colonel,US Air Force,0,0,0,0,"STS-72 (Endeavor), STS-87 (Columbia)",,
